1,53.6303042,179.9999667
1.023292992,53.6303042,179.9999659
1.047128548,53.6303042,179.9999651
1.071519305,53.6303042,179.9999643
1.096478196,53.6303042,179.9999635
1.122018454,53.6303042,179.9999626
1.148153621,53.6303042,179.9999618
1.174897555,53.6303042,179.9999609
1.202264435,53.6303042,179.99996
1.230268771,53.6303042,179.999959
1.258925412,53.6303042,179.9999581
1.288249552,53.6303042,179.9999571
1.318256739,53.6303042,179.9999561
1.348962883,53.6303042,179.9999551
1.380384265,53.6303042,179.999954
1.412537545,53.6303042,179.999953
1.445439771,53.6303042,179.9999519
1.479108388,53.6303042,179.9999507
1.513561248,53.6303042,179.9999496
1.548816619,53.6303042,179.9999484
1.584893192,53.6303042,179.9999472
1.621810097,53.6303042,179.999946
1.659586907,53.6303042,179.9999447
1.698243652,53.6303042,179.9999434
1.737800829,53.6303042,179.9999421
1.77827941,53.6303042,179.9999408
1.819700859,53.6303042,179.9999394
1.862087137,53.6303042,179.999938
1.905460718,53.6303042,179.9999365
1.9498446,53.6303042,179.9999351
1.995262315,53.6303042,179.9999335
2.041737945,53.6303042,179.999932
2.089296131,53.6303042,179.9999304
2.13796209,53.6303042,179.9999288
2.187761624,53.6303042,179.9999271
2.238721139,53.6303042,179.9999254
2.290867653,53.6303042,179.9999237
2.344228815,53.6303042,179.9999219
2.398832919,53.6303042,179.9999201
2.454708916,53.6303042,179.9999182
2.511886432,53.6303042,179.9999163
2.570395783,53.6303042,179.9999144
2.630267992,53.6303042,179.9999124
2.691534804,53.6303042,179.9999104
2.754228703,53.6303042,179.9999083
2.818382931,53.6303042,179.9999061
2.884031503,53.6303042,179.9999039
2.951209227,53.6303042,179.9999017
3.01995172,53.6303042,179.9998994
3.090295433,53.6303042,179.9998971
3.16227766,53.6303042,179.9998947
3.235936569,53.6303042,179.9998922
3.311311215,53.6303042,179.9998897
3.388441561,53.6303042,179.9998871
3.467368505,53.6303042,179.9998845
3.548133892,53.6303042,179.9998818
3.630780548,53.6303042,179.9998791
3.715352291,53.6303042,179.9998763
3.801893963,53.6303042,179.9998734
3.89045145,53.6303042,179.9998704
3.981071706,53.6303042,179.9998674
4.073802778,53.6303042,179.9998643
4.168693835,53.6303042,179.9998612
4.265795188,53.6303042,179.9998579
4.365158322,53.6303042,179.9998546
4.466835922,53.6303042,179.9998512
4.570881896,53.6303042,179.9998478
4.677351413,53.6303042,179.9998442
4.786300923,53.6303042,179.9998406
4.897788194,53.6303042,179.9998369
5.011872336,53.6303042,179.9998331
5.12861384,53.6303042,179.9998292
5.248074602,53.6303042,179.9998252
5.370317964,53.6303042,179.9998211
5.495408739,53.6303042,179.999817
5.623413252,53.6303042,179.9998127
5.754399373,53.6303042,179.9998084
5.888436554,53.6303042,179.9998039
6.025595861,53.6303042,179.9997993
6.165950019,53.6303042,179.9997946
6.309573445,53.6303042,179.9997899
6.45654229,53.6303042,179.999785
6.60693448,53.6303042,179.99978
6.760829754,53.6303042,179.9997748
6.918309709,53.6303042,179.9997696
7.079457844,53.6303042,179.9997642
7.244359601,53.6303042,179.9997587
7.413102413,53.6303042,179.9997531
7.58577575,53.6303042,179.9997474
7.762471166,53.6303042,179.9997415
7.943282347,53.6303042,179.9997355
8.128305162,53.6303042,179.9997293
8.317637711,53.6303042,179.999723
8.511380382,53.6303042,179.9997165
8.7096359,53.6303042,179.9997099
8.912509381,53.6303042,179.9997032
9.120108394,53.6303042,179.9996963
9.332543008,53.6303042,179.9996892
9.54992586,53.6303042,179.9996819
9.77237221,53.6303042,179.9996745
10,53.6303042,179.999667
10.23292992,53.6303042,179.9996592
10.47128548,53.6303042,179.9996513
10.71519305,53.6303042,179.9996431
10.96478196,53.6303042,179.9996348
11.22018454,53.6303042,179.9996263
11.48153621,53.6303042,179.9996176
11.74897555,53.6303042,179.9996087
12.02264435,53.6303042,179.9995996
12.30268771,53.6303042,179.9995903
12.58925412,53.6303042,179.9995807
12.88249552,53.6303042,179.999571
13.18256739,53.6303042,179.999561
13.48962883,53.6303042,179.9995507
13.80384265,53.6303042,179.9995403
14.12537545,53.6303042,179.9995296
14.45439771,53.6303042,179.9995186
14.79108388,53.6303042,179.9995074
15.13561248,53.6303042,179.9994959
15.48816619,53.6303042,179.9994842
15.84893192,53.6303042,179.9994722
16.21810097,53.6303042,179.9994599
16.59586907,53.6303042,179.9994473
16.98243652,53.6303042,179.9994344
17.37800829,53.6303042,179.9994212
17.7827941,53.6303042,179.9994078
18.19700859,53.6303042,179.999394
18.62087137,53.6303042,179.9993798
19.05460718,53.6303042,179.9993654
19.498446,53.6303042,179.9993506
19.95262315,53.6303042,179.9993355
20.41737945,53.6303042,179.99932
20.89296131,53.6303042,179.9993042
21.3796209,53.6303042,179.999288
21.87761624,53.6303042,179.9992714
22.38721139,53.6303042,179.9992544
22.90867653,53.6303042,179.999237
23.44228815,53.6303042,179.9992193
23.98832919,53.6303042,179.9992011
24.54708916,53.6303042,179.9991825
25.11886432,53.63030419,179.9991634
25.70395783,53.63030419,179.9991439
26.30267992,53.63030419,179.999124
26.91534804,53.63030419,179.9991036
27.54228703,53.63030419,179.9990827
28.18382931,53.63030419,179.9990614
28.84031503,53.63030419,179.9990395
29.51209227,53.63030419,179.9990171
30.1995172,53.63030419,179.9989942
30.90295433,53.63030419,179.9989708
31.6227766,53.63030419,179.9989468
32.35936569,53.63030419,179.9989223
33.11311215,53.63030419,179.9988972
33.88441561,53.63030419,179.9988715
34.67368505,53.63030419,179.9988452
35.48133892,53.63030419,179.9988183
36.30780548,53.63030419,179.9987908
37.15352291,53.63030419,179.9987626
38.01893963,53.63030419,179.9987338
38.9045145,53.63030419,179.9987043
39.81071706,53.63030419,179.9986741
40.73802778,53.63030419,179.9986432
41.68693835,53.63030419,179.9986116
42.65795188,53.63030419,179.9985793
43.65158322,53.63030419,179.9985462
44.66835922,53.63030419,179.9985123
45.70881896,53.63030419,179.9984777
46.77351413,53.63030419,179.9984422
47.86300923,53.63030419,179.9984059
48.97788194,53.63030419,179.9983688
50.11872336,53.63030419,179.9983308
51.2861384,53.63030419,179.9982919
52.48074602,53.63030419,179.9982522
53.70317964,53.63030419,179.9982114
54.95408739,53.63030419,179.9981698
56.23413252,53.63030419,179.9981272
57.54399373,53.63030419,179.9980835
58.88436554,53.63030419,179.9980389
60.25595861,53.63030419,179.9979932
61.65950019,53.63030419,179.9979465
63.09573445,53.63030419,179.9978986
64.5654229,53.63030419,179.9978497
66.0693448,53.63030419,179.9977996
67.60829754,53.63030419,179.9977483
69.18309709,53.63030419,179.9976959
70.79457844,53.63030419,179.9976422
72.44359601,53.63030419,179.9975873
74.13102413,53.63030419,179.9975311
75.8577575,53.63030419,179.9974736
77.62471166,53.63030419,179.9974147
79.43282347,53.63030419,179.9973545
81.28305162,53.63030419,179.9972929
83.17637711,53.63030419,179.9972299
85.11380382,53.63030419,179.9971653
87.096359,53.63030418,179.9970993
89.12509381,53.63030418,179.9970317
91.20108394,53.63030418,179.9969626
93.32543008,53.63030418,179.9968918
95.4992586,53.63030418,179.9968194
97.7237221,53.63030418,179.9967454
100,53.63030418,179.9966696
102.3292992,53.63030418,179.996592
104.7128548,53.63030418,179.9965126
107.1519305,53.63030418,179.9964314
109.6478196,53.63030418,179.9963482
112.2018454,53.63030418,179.9962632
114.8153621,53.63030418,179.9961761
117.4897555,53.63030418,179.9960871
120.2264435,53.63030417,179.9959959
123.0268771,53.63030417,179.9959027
125.8925412,53.63030417,179.9958072
128.8249552,53.63030417,179.9957096
131.8256739,53.63030417,179.9956096
134.8962883,53.63030417,179.9955073
138.0384265,53.63030417,179.9954027
141.2537545,53.63030417,179.9952956
144.5439771,53.63030417,179.995186
147.9108388,53.63030416,179.9950739
151.3561248,53.63030416,179.9949592
154.8816619,53.63030416,179.9948417
158.4893192,53.63030416,179.9947216
162.1810097,53.63030416,179.9945986
165.9586907,53.63030416,179.9944728
169.8243652,53.63030415,179.9943441
173.7800829,53.63030415,179.9942123
177.827941,53.63030415,179.9940775
181.9700859,53.63030415,179.9939396
186.2087137,53.63030415,179.9937984
190.5460718,53.63030414,179.993654
194.98446,53.63030414,179.9935061
199.5262315,53.63030414,179.9933549
204.1737945,53.63030413,179.9932001
208.9296131,53.63030413,179.9930417
213.796209,53.63030413,179.9928796
218.7761624,53.63030413,179.9927138
223.8721139,53.63030412,179.9925441
229.0867653,53.63030412,179.9923704
234.4228815,53.63030412,179.9921927
239.8832919,53.63030411,179.9920108
245.4708916,53.63030411,179.9918247
251.1886432,53.6303041,179.9916343
257.0395783,53.6303041,179.9914394
263.0267992,53.63030409,179.99124
269.1534804,53.63030409,179.991036
275.4228703,53.63030408,179.9908272
281.8382931,53.63030408,179.9906135
288.4031503,53.63030407,179.9903949
295.1209227,53.63030407,179.9901711
301.995172,53.63030406,179.9899422
309.0295433,53.63030406,179.9897079
316.227766,53.63030405,179.9894682
323.5936569,53.63030404,179.9892229
331.1311215,53.63030404,179.9889718
338.8441561,53.63030403,179.988715
346.7368505,53.63030402,179.9884521
354.8133892,53.63030401,179.9881831
363.0780548,53.630304,179.9879079
371.5352291,53.63030399,179.9876262
380.1893963,53.63030398,179.987338
389.045145,53.63030397,179.9870431
398.1071706,53.63030396,179.9867412
407.3802778,53.63030395,179.9864324
416.8693835,53.63030394,179.9861164
426.5795188,53.63030393,179.985793
436.5158322,53.63030392,179.9854621
446.6835922,53.6303039,179.9851234
457.0881896,53.63030389,179.9847769
467.7351413,53.63030388,179.9844223
478.6300923,53.63030386,179.9840595
489.7788194,53.63030384,179.9836882
501.1872336,53.63030383,179.9833082
512.861384,53.63030381,179.9829194
524.8074602,53.63030379,179.9825216
537.0317964,53.63030377,179.9821144
549.5408739,53.63030375,179.9816978
562.3413252,53.63030373,179.9812715
575.4399373,53.63030371,179.9808353
588.8436554,53.63030369,179.9803889
602.5595861,53.63030366,179.9799321
616.5950019,53.63030364,179.9794646
630.9573445,53.63030361,179.9789863
645.654229,53.63030359,179.9784968
660.693448,53.63030356,179.9779959
676.0829754,53.63030353,179.9774834
691.8309709,53.6303035,179.9769589
707.9457844,53.63030346,179.9764222
724.4359601,53.63030343,179.975873
741.3102413,53.63030339,179.975311
758.577575,53.63030335,179.974736
776.2471166,53.63030331,179.9741475
794.3282347,53.63030327,179.9735453
812.8305162,53.63030323,179.9729291
831.7637711,53.63030318,179.9722985
851.1380382,53.63030314,179.9716533
870.96359,53.63030309,179.970993
891.2509381,53.63030303,179.9703173
912.0108394,53.63030298,179.969626
933.2543008,53.63030292,179.9689184
954.992586,53.63030286,179.9681945
977.237221,53.6303028,179.9674536
1000,53.63030273,179.9666955
1023.292992,53.63030266,179.9659198
1047.128548,53.63030259,179.9651259
1071.519305,53.63030252,179.9643136
1096.478196,53.63030244,179.9634824
1122.018454,53.63030235,179.9626318
1148.153621,53.63030227,179.9617613
1174.897555,53.63030218,179.9608706
1202.264435,53.63030208,179.9599592
1230.268771,53.63030198,179.9590265
1258.925412,53.63030188,179.9580721
1288.249552,53.63030177,179.9570955
1318.256739,53.63030165,179.9560961
1348.962883,53.63030153,179.9550735
1380.384265,53.63030141,179.954027
1412.537545,53.63030127,179.9529562
1445.439771,53.63030114,179.9518604
1479.108388,53.63030099,179.9507391
1513.561248,53.63030084,179.9495916
1548.816619,53.63030068,179.9484175
1584.893192,53.63030052,179.947216
1621.810097,53.63030035,179.9459865
1659.586907,53.63030016,179.9447283
1698.243652,53.63029997,179.9434409
1737.800829,53.63029977,179.9421235
1778.27941,53.63029957,179.9407753
1819.700859,53.63029935,179.9393958
1862.087137,53.63029912,179.9379842
1905.460718,53.63029888,179.9365396
1949.8446,53.63029863,179.9350615
1995.262315,53.63029837,179.9335488
2041.737945,53.63029809,179.932001
2089.296131,53.63029781,179.9304171
2137.96209,53.6302975,179.9287963
2187.761624,53.63029719,179.9271378
2238.721139,53.63029686,179.9254406
2290.867653,53.63029651,179.9237039
2344.228815,53.63029615,179.9219267
2398.832919,53.63029577,179.9201082
2454.708916,53.63029537,179.9182472
2511.886432,53.63029496,179.916343
2570.395783,53.63029452,179.9143944
2630.267992,53.63029407,179.9124003
2691.534804,53.63029359,179.9103599
2754.228703,53.63029309,179.9082719
2818.382931,53.63029257,179.9061353
2884.031503,53.63029202,179.9039489
2951.209227,53.63029145,179.9017116
3019.95172,53.63029084,179.8994222
3090.295433,53.63029022,179.8970794
3162.27766,53.63028956,179.8946821
3235.936569,53.63028887,179.8922289
3311.311215,53.63028814,179.8897186
3388.441561,53.63028739,179.8871498
3467.368505,53.6302866,179.8845212
3548.133892,53.63028577,179.8818314
3630.780548,53.6302849,179.8790789
3715.352291,53.63028399,179.8762623
3801.893963,53.63028304,179.8733801
3890.45145,53.63028204,179.8704307
3981.071706,53.63028099,179.8674127
4073.802778,53.6302799,179.8643244
4168.693835,53.63027876,179.8611641
4265.795188,53.63027756,179.8579302
4365.158322,53.6302763,179.854621
4466.835922,53.63027499,179.8512347
4570.881896,53.63027361,179.8477695
4677.351413,53.63027217,179.8442236
4786.300923,53.63027066,179.8405951
4897.788194,53.63026908,179.8368821
5011.872336,53.63026742,179.8330826
5128.61384,53.63026569,179.8291947
5248.074602,53.63026388,179.8252161
5370.317964,53.63026198,179.8211449
5495.408739,53.63025999,179.8169789
5623.413252,53.6302579,179.8127158
5754.399373,53.63025572,179.8083534
5888.436554,53.63025344,179.8038894
6025.595861,53.63025104,179.7993215
6165.950019,53.63024854,179.7946471
6309.573445,53.63024592,179.7898638
6456.54229,53.63024317,179.7849692
6606.93448,53.63024029,179.7799605
6760.829754,53.63023728,179.7748352
6918.309709,53.63023413,179.7695905
7079.457844,53.63023083,179.7642236
7244.359601,53.63022737,179.7587318
7413.102413,53.63022375,179.753112
7585.77575,53.63021996,179.7473613
7762.471166,53.63021599,179.7414766
7943.282347,53.63021183,179.735455
8128.305162,53.63020748,179.729293
8317.637711,53.63020292,179.7229875
8511.380382,53.63019814,179.7165352
8709.6359,53.63019315,179.7099325
8912.509381,53.63018791,179.7031761
9120.108394,53.63018243,179.6962623
9332.543008,53.63017669,179.6891875
9549.92586,53.63017069,179.6819479
9772.37221,53.63016439,179.6745397
10000,53.6301578,179.6669589
10232.92992,53.63015091,179.6592016
10471.28548,53.63014368,179.6512635
10715.19305,53.63013612,179.6431406
10964.78196,53.6301282,179.6348285
11220.18454,53.6301199,179.6263228
11481.53621,53.63011122,179.617619
11748.97555,53.63010212,179.6087125
12022.64435,53.6300926,179.5995985
12302.68771,53.63008263,179.5902723
12589.25412,53.63007218,179.5807288
12882.49552,53.63006125,179.5709631
13182.56739,53.6300498,179.56097
13489.62883,53.63003781,179.550744
13803.84265,53.63002526,179.54028
14125.37545,53.63001211,179.5295722
14454.39771,53.62999835,179.518615
14791.08388,53.62998393,179.5074027
15135.61248,53.62996884,179.4959292
15488.16619,53.62995304,179.4841885
15848.93192,53.62993649,179.4721744
16218.10097,53.62991916,179.4598805
16595.86907,53.62990101,179.4473002
16982.43652,53.62988201,179.434427
17378.00829,53.62986212,179.421254
17782.7941,53.62984128,179.4077742
18197.00859,53.62981947,179.3939805
18620.87137,53.62979663,179.3798656
19054.60718,53.62977271,179.365422
19498.446,53.62974766,179.350642
19952.62315,53.62972143,179.3355179
20417.37945,53.62969397,179.3200415
20892.96131,53.62966521,179.3042048
21379.6209,53.6296351,179.2879993
21877.61624,53.62960357,179.2714164
22387.21139,53.62957055,179.2544474
22908.67653,53.62953598,179.2370833
23442.28815,53.62949978,179.2193148
23988.32919,53.62946187,179.2011327
24547.08916,53.62942218,179.1825271
25118.86432,53.62938061,179.1634884
25703.95783,53.62933709,179.1440064
26302.67992,53.62929152,179.1240708
26915.34804,53.6292438,179.1036711
27542.28703,53.62919383,179.0827964
28183.82931,53.62914151,179.0614358
28840.31503,53.62908672,179.0395778
29512.09227,53.62902935,179.017211
30199.5172,53.62896928,178.9943236
30902.95433,53.62890637,178.9709033
31622.7766,53.62884051,178.9469379
32359.36569,53.62877154,178.9224146
33113.11215,53.62869932,178.8973206
33884.41561,53.6286237,178.8716424
34673.68505,53.62854452,178.8453666
35481.33892,53.6284616,178.8184792
36307.80548,53.62837478,178.7909661
37153.52291,53.62828387,178.7628127
38018.93963,53.62818868,178.7340042
38904.5145,53.62808901,178.7045252
39810.71706,53.62798464,178.6743604
40738.02778,53.62787535,178.6434936
41686.93835,53.62776091,178.6119087
42657.95188,53.62764109,178.5795889
43651.58322,53.62751562,178.5465173
44668.35922,53.62738424,178.5126763
45708.81896,53.62724668,178.4780482
46773.51413,53.62710264,178.4426145
47863.00923,53.62695181,178.4063568
48977.88194,53.62679388,178.3692558
50118.72336,53.62662851,178.3312921
51286.1384,53.62645536,178.2924455
52480.74602,53.62627405,178.2526958
53703.17964,53.62608421,178.2120219
54954.08739,53.62588543,178.1704024
56234.13252,53.62567729,178.1278155
57543.99373,53.62545936,178.0842387
58884.36554,53.62523116,178.0396492
60255.95861,53.62499222,177.9940235
61659.50019,53.62474203,177.9473377
63095.73445,53.62448007,177.8995672
64565.4229,53.62420578,177.8506871
66069.3448,53.62391859,177.8006716
67608.29754,53.62361787,177.7494945
69183.09709,53.62330301,177.6971291
70794.57844,53.62297333,177.6435479
72443.59601,53.62262814,177.5887229
74131.02413,53.62226672,177.5326255
75857.7575,53.62188829,177.4752262
77624.71166,53.62149206,177.4164951
79432.82347,53.6210772,177.3564017
81283.05162,53.62064283,177.2949145
83176.37711,53.62018803,177.2320015
85113.80382,53.61971185,177.1676299
87096.359,53.61921329,177.1017664
89125.09381,53.61869129,177.0343766
91201.08394,53.61814475,176.9654255
93325.43008,53.61757254,176.8948775
95499.2586,53.61697343,176.8226959
97723.7221,53.61634618,176.7488434
100000,53.61568947,176.6732817
102329.2992,53.61500191,176.595972
104712.8548,53.61428206,176.5168744
107151.9305,53.61352842,176.435948
109647.8196,53.6127394,176.3531512
112201.8454,53.61191334,176.2684417
114815.3621,53.61104853,176.1817758
117489.7555,53.61014314,176.0931093
120226.4435,53.60919528,176.0023968
123026.8771,53.60820298,175.909592
125892.5412,53.60716415,175.8146478
128824.9552,53.60607663,175.7175157
131825.6739,53.60493815,175.6181466
134896.2883,53.60374633,175.5164901
138038.4265,53.60249869,175.4124949
141253.7545,53.60119264,175.3061086
144543.9771,53.59982546,175.1972777
147910.8388,53.59839431,175.0859476
151356.1248,53.59689621,174.9720627
154881.6619,53.59532806,174.8555661
158489.3192,53.59368662,174.7364
162181.0097,53.59196848,174.6145052
165958.6907,53.5901701,174.4898215
169824.3652,53.58828776,174.3622876
173780.0829,53.58631758,174.2318409
177827.941,53.5842555,174.0984175
181970.0859,53.5820973,173.9619525
186208.7137,53.57983853,173.8223797
190546.0718,53.57747456,173.6796318
194984.46,53.57500056,173.5336401
199526.2315,53.57241148,173.3843348
204173.7945,53.56970203,173.2316447
208929.6131,53.5668667,173.0754976
213796.209,53.56389973,172.9158199
218776.1624,53.56079509,172.7525369
223872.1139,53.55754652,172.5855726
229086.7653,53.55414745,172.4148497
234422.8815,53.55059104,172.2402898
239883.2919,53.54687013,172.0618133
245470.8916,53.54297728,171.8793394
251188.6432,53.5389047,171.692786
257039.5783,53.53464428,171.5020701
263026.7992,53.53018754,171.3071073
269153.4804,53.52552566,171.1078124
275422.8703,53.52064943,170.9040988
281838.2931,53.51554926,170.6958791
288403.1503,53.51021513,170.4830648
295120.9227,53.50463662,170.2655665
301995.172,53.49880288,170.0432938
309029.5433,53.49270258,169.8161557
316227.766,53.48632396,169.58406
323593.6569,53.47965475,169.3469143
331131.1215,53.4726822,169.104625
338844.1561,53.46539301,168.8570983
346736.8505,53.45777338,168.6042398
354813.3892,53.44980895,168.3459547
363078.0548,53.4414848,168.0821479
371535.2291,53.43278541,167.8127241
380189.3963,53.42369467,167.537588
389045.145,53.41419584,167.2566442
398107.1706,53.40427157,166.9697978
407380.2778,53.39390383,166.6769539
416869.3835,53.38307394,166.3780182
426579.5188,53.37176252,166.0728972
436515.8322,53.3599495,165.7614981
446683.5922,53.34761409,165.443729
457088.1896,53.33473478,165.1194995
467735.1413,53.32128929,164.7887204
478630.0923,53.30725461,164.4513042
489778.8194,53.29260695,164.1071654
501187.2336,53.27732173,163.7562204
512861.384,53.26137359,163.3983881
524807.4602,53.24473638,163.0335902
537031.7964,53.22738311,162.661751
549540.8739,53.20928603,162.2827982
562341.3252,53.19041654,161.8966631
575439.9373,53.17074523,161.5032807
588843.6554,53.1502419,161.1025904
602559.5861,53.12887552,160.6945358
616595.0019,53.10661427,160.2790655
630957.3445,53.08342554,159.8561335
645654.229,53.05927594,159.4256991
660693.448,53.03413131,158.9877277
676082.9754,53.00795676,158.5421911
691830.9709,52.98071667,158.0890678
707945.7844,52.95237475,157.6283433
724435.9601,52.92289403,157.1600109
741310.2413,52.89223692,156.6840714
758577.575,52.86036527,156.2005343
776247.1166,52.82724035,155.7094176
794328.2347,52.79282299,155.2107484
812830.5162,52.75707356,154.7045633
831763.7711,52.71995206,154.1909087
851138.0382,52.68141819,153.669841
870963.59,52.6414314,153.1414274
891250.9381,52.59995099,152.6057456
912010.8394,52.55693617,152.0628847
933254.3008,52.51234614,151.512945
954992.586,52.46614019,150.9560384
977237.221,52.41827781,150.3922886
1000000,52.36871875,149.8218314
1023292.992,52.31742314,149.2448147
1047128.548,52.2643516,148.6613984
1071519.305,52.20946535,148.0717549
1096478.196,52.15272629,147.4760687
1122018.454,52.09409715,146.8745366
1148153.621,52.03354158,146.2673675
1174897.555,51.97102428,145.654782
1202264.435,51.90651109,145.0370128
1230268.771,51.83996915,144.4143039
1258925.412,51.77136695,143.7869103
1288249.552,51.70067451,143.1550981
1318256.739,51.62786341,142.5191435
1348962.883,51.55290698,141.8793326
1380384.265,51.47578033,141.2359608
1412537.545,51.39646049,140.5893322
1445439.771,51.31492648,139.939759
1479108.388,51.2311594,139.2875606
1513561.248,51.14514248,138.6330631
1548816.619,51.0568612,137.9765986
1584893.192,50.96630332,137.3185038
1621810.097,50.8734589,136.6591201
1659586.907,50.77832041,135.9987916
1698243.652,50.68088271,135.3378653
1737800.829,50.58114307,134.6766893
1778279.41,50.47910123,134.0156125
1819700.859,50.37475935,133.3549832
1862087.137,50.26812202,132.6951485
1905460.718,50.15919624,132.0364534
1949844.6,50.0479914,131.3792397
1995262.315,49.93451921,130.7238451
2041737.945,49.81879372,130.0706025
2089296.131,49.70083116,129.4198391
2137962.09,49.58064995,128.7718758
2187761.624,49.45827063,128.1270261
2238721.139,49.33371571,127.4855955
2290867.653,49.20700967,126.8478811
2344228.815,49.07817877,126.2141707
2398832.919,48.94725104,125.5847423
2454708.916,48.81425613,124.9598636
2511886.432,48.67922519,124.3397918
2570395.783,48.54219081,123.7247728
2630267.992,48.40318685,123.115041
2691534.804,48.26224836,122.5108192
2754228.703,48.11941147,121.9123183
2818382.931,47.97471325,121.319737
2884031.503,47.82819161,120.7332618
2951209.227,47.6798852,120.1530668
3019951.72,47.52983326,119.579314
3090295.433,47.37807557,119.0121531
3162277.66,47.22465228,118.4517214
3235936.569,47.06960388,117.8981445
3311311.215,46.91297102,117.3515357
3388441.561,46.75479449,116.811997
3467368.505,46.59511509,116.2796186
3548133.892,46.43397355,115.7544796
3630780.548,46.27141045,115.2366483
3715352.291,46.10746616,114.7261822
3801893.963,45.94218075,114.2231285
3890451.45,45.77559393,113.7275247
3981071.706,45.60774499,113.2393985
4073802.778,45.43867276,112.7587683
4168693.835,45.26841552,112.2856439
4265795.188,45.09701099,111.8200266
4365158.322,44.92449628,111.3619095
4466835.922,44.75090783,110.9112782
4570881.896,44.57628142,110.4681109
4677351.413,44.40065211,110.032379
4786300.923,44.22405421,109.6040475
4897788.194,44.0465213,109.1830751
5011872.336,43.86808615,108.7694148
5128613.84,43.68878076,108.3630144
5248074.602,43.50863634,107.9638165
5370317.964,43.32768329,107.5717591
5495408.739,43.14595118,107.186776
5623413.252,42.96346878,106.8087969
5754399.373,42.78026405,106.4377478
5888436.554,42.59636414,106.0735515
6025595.861,42.41179538,105.7161276
6165950.019,42.22658332,105.3653929
6309573.445,42.04075269,105.0212618
6456542.29,41.85432747,104.6836464
6606934.48,41.66733084,104.3524568
6760829.754,41.47978523,104.0276013
6918309.709,41.29171233,103.7089866
7079457.844,41.10313308,103.3965182
7244359.601,40.91406772,103.0901004
7413102.413,40.72453576,102.7896365
7585775.75,40.53455604,102.495029
7762471.166,40.34414672,102.20618
7943282.347,40.15332532,101.9229908
8128305.162,39.96210869,101.6453626
8317637.711,39.77051308,101.3731964
8511380.382,39.57855413,101.1063932
8709635.9,39.38624689,100.844854
8912509.381,39.19360584,100.5884798
9120108.394,39.00064491,100.3371722
9332543.008,38.80737749,100.090833
9549925.86,38.61381643,99.84936449
9772372.21,38.41997412,99.61266936
10000000,38.22586241,99.38065106
10232929.92,38.03149273,99.15321363
10471285.48,37.83687602,98.93026185
10715193.05,37.64202278,98.71170127
10964781.96,37.44694312,98.49743828
11220184.54,37.2516467,98.2873801
11481536.21,37.0561428,98.08143489
11748975.55,36.86044033,97.87951172
12022644.35,36.66454782,97.68152064
12302687.71,36.46847345,97.48737268
12589254.12,36.27222507,97.2969799
12882495.52,36.07581018,97.11025535
13182567.39,35.87923598,96.92711317
13489628.83,35.68250938,96.74746851
13803842.65,35.48563696,96.57123761
14125375.45,35.28862507,96.39833777
14454397.71,35.09147974,96.22868736
14791083.88,34.89420679,96.06220583
15135612.48,34.69681175,95.89881367
15488166.19,34.49929994,95.73843248
15848931.92,34.30167643,95.58098489
16218100.97,34.10394609,95.42639461
16595869.07,33.90611357,95.27458637
16982436.52,33.70818332,95.12548596
17378008.29,33.51015958,94.97902018
17782794.1,33.31204642,94.83511686
18197008.59,33.11384773,94.69370481
18620871.37,32.91556724,94.55471385
19054607.18,32.71720848,94.41807475
19498446,32.51877485,94.28371924
19952623.15,32.32026961,94.15157998
20417379.45,32.12169583,94.02159058
20892961.31,31.92305649,93.8936855
21379620.9,31.72435441,93.76780013
21877616.24,31.52559229,93.64387069
22387211.39,31.3267727,93.52183425
22908676.53,31.1278981,93.40162871
23442288.15,30.92897084,93.28319276
23988329.19,30.72999315,93.16646586
24547089.16,30.53096716,93.05138826
25118864.32,30.33189492,92.93790091
25703957.83,30.13277835,92.82594549
26302679.92,29.93361931,92.71546437
26915348.04,29.73441956,92.60640059
27542287.03,29.53518077,92.49869783
28183829.31,29.33590453,92.3923004
28840315.03,29.13659237,92.28715321
29512092.27,28.93724572,92.18320173
30199517.2,28.73786596,92.080392
30902954.33,28.53845438,91.9786706
31622776.6,28.33901223,91.8779846
32359365.69,28.13954067,91.77828156
33113112.15,27.94004082,91.67950949
33884415.61,27.74051372,91.58161687
34673685.05,27.54096037,91.48455255
35481338.92,27.34138171,91.3882658
36307805.48,27.14177863,91.29270626
37153522.91,26.94215195,91.19782389
38018939.63,26.74250248,91.10356898
38904514.5,26.54283094,91.00989214
39810717.06,26.34313802,90.91674421
40738027.78,26.14342438,90.82407631
41686938.35,25.94369062,90.73183978
42657951.88,25.74393729,90.63998616
43651583.22,25.54416493,90.54846717
44668359.22,25.344374,90.45723468
45708818.96,25.14456495,90.3662407
46773514.13,24.94473818,90.27543734
47863009.23,24.74489405,90.1847768
48977881.94,24.5450329,90.09421133
50118723.36,24.34515502,90.00369323
51286138.4,24.14526066,89.91317482
52480746.02,23.94535005,89.82260837
53703179.64,23.74542338,89.73194616
54954087.39,23.5454808,89.64114039
56234132.52,23.34552243,89.55014317
57543993.73,23.14554836,89.45890653
58884365.54,22.94555864,89.36738234
60255958.61,22.7455533,89.27552232
61659500.19,22.54553232,89.18327803
63095734.45,22.34549566,89.0906008
64565422.9,22.14544325,88.99744174
66069344.8,21.94537496,88.90375172
67608297.54,21.74529066,88.80948132
69183097.09,21.54519017,88.7145808
70794578.44,21.34507327,88.61900013
72443596.01,21.14493972,88.52268888
74131024.13,20.94478924,88.42559628
75857757.5,20.7446215,88.32767113
77624711.66,20.54443616,88.22886181
79432823.47,20.34423282,88.12911625
81283051.62,20.14401105,88.02838187
83176377.11,19.94377039,87.92660562
85113803.82,19.74351032,87.82373387
87096359,19.54323029,87.71971247
89125093.81,19.34292972,87.61448666
91201083.94,19.14260798,87.50800105
93325430.08,18.94226437,87.40019963
95499258.6,18.74189818,87.29102571
97723722.1,18.54150863,87.18042189
100000000,18.3410949,87.06833006
102329299.2,18.14065612,86.95469135
104712854.8,17.94019137,86.83944609
107151930.5,17.73969966,86.72253381
109647819.6,17.53917996,86.6038932
112201845.4,17.33863116,86.48346208
114815362.1,17.13805213,86.36117735
117489755.5,16.93744163,86.23697499
120226443.5,16.73679838,86.11079004
123026877.1,16.53612103,85.9825565
125892541.2,16.33540815,85.8522074
128824955.2,16.13465825,85.71967469
131825673.9,15.93386973,85.58488923
134896288.3,15.73304096,85.44778078
138038426.5,15.53217018,85.30827794
141253754.5,15.33125558,85.16630816
144543977.1,15.13029522,85.02179763
147910838.8,14.92928709,84.87467135
151356124.8,14.72822908,84.724853
154881661.9,14.52711897,84.57226499
158489319.2,14.32595444,84.41682837
162181009.7,14.12473304,84.25846282
165958690.7,13.92345222,84.0970866
169824365.2,13.7221093,83.93261657
173780082.9,13.52070148,83.76496808
177827941,13.31922581,83.594055
181970085.9,13.11767921,83.41978965
186208713.7,12.91605846,83.24208277
190546071.8,12.71436018,83.06084354
194984460,12.51258084,82.87597945
199526231.5,12.31071672,82.68739635
204173794.5,12.10876396,82.4949984
208929613.1,11.9067185,82.298688
213796209,11.7045761,82.09836582
218776162.4,11.50233231,81.8939307
223872113.9,11.29998249,81.68527969
229086765.3,11.09752177,81.47230795
234422881.5,10.89494509,81.25490879
239883291.9,10.69224711,81.03297358
245470891.6,10.48942228,80.80639178
251188643.2,10.28646479,80.57505085
257039578.3,10.08336856,80.33883628
263026799.2,9.880127232,80.09763155
269153480.4,9.676734171,79.85131808
275422870.3,9.473182434,79.59977524
281838293.1,9.269464769,79.34288034
288403150.3,9.065573598,79.08050856
295120922.7,8.861501004,78.81253298
301995172,8.657238718,78.53882456
309029543.3,8.4527781,78.25925213
316227766,8.248110133,77.97368235
323593656.9,8.043225395,77.68197975
331131121.5,7.838114055,77.38400668
338844156.1,7.632765848,77.07962337
346736850.5,7.427170062,76.76868787
354813389.2,7.221315519,76.4510561
363078054.8,7.015190555,76.12658184
371535229.1,6.808783004,75.79511678
380189396.3,6.602080178,75.45651048
389045145,6.395068847,75.11061047
398107170.6,6.187735217,74.75726221
407380277.8,5.980064912,74.39630917
416869383.5,5.772042947,74.02759289
426579518.8,5.563653716,73.65095297
436515832.2,5.354880959,73.26622716
446683592.2,5.145707744,72.87325146
457088189.6,4.936116447,72.4718601
467735141.3,4.726088721,72.06188573
478630092.3,4.515605477,71.6431594
489778819.4,4.30464686,71.21551076
501187233.6,4.09319222,70.77876806
512861384,3.881220094,70.33275838
524807460.2,3.668708174,69.87730765
537031796.4,3.455633285,69.41224087
549540873.9,3.241971363,68.9373822
562341325.2,3.027697425,68.45255518
575439937.3,2.812785546,67.95758283
588843655.4,2.597208834,67.4522879
602559586.1,2.38093941,66.93649304
616595001.9,2.163948376,66.41002103
630957344.5,1.946205799,65.87269497
645654229,1.727680687,65.32433856
660693448,1.508340964,64.76477633
676082975.4,1.288153453,64.19383393
691830970.9,1.067083855,63.61133841
707945784.4,0.845096732,63.01711849
724435960.1,0.62215549,62.41100492
741310241.3,0.398222361,61.79283079
758577575,0.173258398,61.16243187
776247116.6,-0.052776546,60.51964698
794328234.7,-0.279923817,59.86431837
812830516.2,-0.508225975,59.19629209
831763771.1,-0.737726788,58.51541841
851138038.2,-0.968471241,57.82155225
870963590,-1.200505527,57.11455355
891250938.1,-1.433877045,56.3942878
912010839.4,-1.668634387,55.66062642
933254300.8,-1.904827325,54.91344724
954992586,-2.142506794,54.15263499
977237221,-2.381724871,53.37808173
1000000000,-2.622534745,52.58968738
1023292992,-2.864990691,51.78736017
1047128548,-3.109148028,50.97101713
1071519305,-3.355063083,50.14058458
1096478196,-3.602793144,49.29599858
1122018454,-3.852396408,48.43720545
1148153621,-4.103931924,47.56416219
1174897555,-4.357459536,46.67683694
1202264435,-4.613039809,45.77520946
1230268771,-4.870733965,44.85927148
1258925412,-5.1306038,43.92902715
1288249552,-5.392711606,42.98449342
1318256739,-5.657120082,42.02570036
1348962883,-5.923892244,41.05269152
1380384265,-6.193091328,40.0655242
1412537545,-6.464780693,39.06426971
1445439771,-6.739023713,38.04901362
1479108388,-7.015883675,37.01985592
1513561248,-7.295423667,35.97691115
1548816619,-7.577706468,34.92030855
1584893192,-7.862794429,33.85019205
1621810097,-8.150749365,32.76672037
1659586907,-8.441632434,31.67006688
1698243652,-8.735504021,30.56041961
1737800829,-9.032423624,29.43798107
1778279410,-9.332449735,28.3029681
1819700859,-9.63563973,27.15561163
1862087137,-9.942049754,25.99615643
1905460718,-10.25173461,24.82486077
1949844600,-10.56474767,23.64199613
1995262315,-10.88114073,22.44784673
2041737945,-11.20096395,21.24270915
2089296131,-11.52426577,20.02689186
2137962090,-11.85109275,18.80071472
2187761624,-12.18148956,17.56450843
2238721139,-12.51549888,16.31861402
2290867653,-12.85316127,15.06338225
2344228815,-13.1945152,13.79917302
2398832919,-13.53959688,12.52635475
2454708916,-13.88844028,11.24530378
2511886432,-14.24107703,9.956403719
2570395783,-14.5975364,8.660044804
2630267992,-14.95784522,7.356623254
2691534804,-15.32202788,6.046540618
2754228703,-15.69010627,4.730203124
2818382931,-16.06209976,3.408021023
2884031503,-16.43802516,2.080407938
2951209227,-16.81789671,0.747780211
3019951720,-17.20172606,-0.589443741
3090295433,-17.58952224,-1.930844078
3162277660,-17.98129165,-3.276000176
3235936569,-18.37703809,-4.624491276
3311311215,-18.77676267,-5.975897117
3388441561,-19.18046389,-7.329798585
3467368505,-19.58813758,-8.68577835
3548133892,-19.99977692,-10.0434215
3630780548,-20.41537246,-11.40231622
3715352291,-20.83491208,-12.76205437
3801893963,-21.25838105,-14.12223221
3890451450,-21.68576202,-15.48245099
3981071706,-22.11703501,-16.84231767
4073802778,-22.55217747,-18.20144551
4168693835,-22.99116428,-19.55945477
4265795188,-23.43396778,-20.91597338
4365158322,-23.88055779,-22.27063757
4466835922,-24.33090166,-23.62309256
4570881896,-24.78496432,-24.97299324
4677351413,-25.24270826,-26.32000475
4786300923,-25.70409368,-27.6638032
4897788194,-26.16907845,-29.0040763
5011872336,-26.63761822,-30.34052393
5128613840,-27.10966647,-31.67285881
5248074602,-27.5851746,-33.00080706
5370317964,-28.06409195,-34.32410877
5495408739,-28.54636594,-35.64251853
5623413252,-29.03194213,-36.95580598
5754399373,-29.52076428,-38.26375624
5888436554,-30.01277449,-39.56617038
6025595861,-30.50791327,-40.86286585
6165950019,-31.00611962,-42.15367681
6309573445,-31.50733118,-43.43845447
6456542290,-32.01148429,-44.71706739
6606934480,-32.51851409,-45.98940168
6760829754,-33.02835468,-47.25536123
6918309709,-33.54093916,-48.51486785
7079457844,-34.05619977,-49.76786134
7244359601,-34.57406799,-51.01429957
7413102413,-35.09447466,-52.25415849
7585775750,-35.61735003,-53.48743206
7762471166,-36.14262392,-54.71413217
7943282347,-36.67022577,-55.93428857
8128305162,-37.20008476,-57.14794862
8317637711,-37.73212988,-58.35517714
8511380382,-38.26629003,-59.55605614
8709635900,-38.8024941,-60.75068456
8912509381,-39.34067101,-61.93917796
9120108394,-39.88074982,-63.12166817
9332543008,-40.4226598,-64.2983029
9549925860,-40.96633044,-65.46924543
9772372210,-41.51169154,-66.63467412
10000000000,-42.05867324,-67.79478201
10232929923,-42.60720609,-68.94977639
10471285481,-43.15722104,-70.09987832
10715193052,-43.70864951,-71.24532218
10964781961,-44.26142336,-72.38635518
11220184543,-44.81547499,-73.52323686
11481536215,-45.37073727,-74.65623863
11748975549,-45.92714359,-75.78564326
12022644346,-46.48462784,-76.91174441
12302687708,-47.04312445,-78.03484609
12589254118,-47.60256829,-79.15526221
12882495517,-48.16289476,-80.27331608
13182567386,-48.72403971,-81.3893399
13489628826,-49.28593942,-82.5036743
13803842646,-49.84853058,-83.61666788
14125375446,-50.41175027,-84.72867669
14454397707,-50.97553592,-85.8400638
14791083882,-51.53982526,-86.95119882
15135612484,-52.10455628,-88.06245745
15488166189,-52.6696672,-89.17422103
15848931925,-53.23509641,-90.28687606
16218100974,-53.80078241,-91.40081383
16595869074,-54.36666378,-92.5164299
16982436525,-54.93267913,-93.63412371
17378008287,-55.49876701,-94.75429815
17782794100,-56.06486588,-95.87735907
18197008586,-56.63091404,-97.00371493
18620871367,-57.19684957,-98.13377631
19054607180,-57.76261027,-99.26795549
19498445998,-58.32813361,-100.406666
19952623150,-58.89335666,-101.5503223
20417379447,-59.458216,-102.699339
20892961309,-60.02264771,-103.8541309
21379620895,-60.58658725,-105.0151122
21877616239,-61.14996946,-106.1826959
22387211386,-61.71272845,-107.3572939
22908676528,-62.27479755,-108.539316
23442288153,-62.83610927,-109.7291693
23988329190,-63.39659524,-110.9272585
24547089157,-63.95618611,-112.1339843
25118864315,-64.51481157,-113.3497438
25703957828,-65.07240024,-114.5749294
26302679919,-65.62887965,-115.8099285
26915348039,-66.18417617,-117.0551227
27542287033,-66.73821499,-118.3108876
28183829313,-67.29092009,-119.5775917
28840315031,-67.84221417,-120.8555962
29512092267,-68.39201864,-122.1452542
30199517204,-68.94025358,-123.44691
30902954325,-69.48683776,-124.7608987
31622776602,-70.03168854,-126.087545
32359365693,-70.57472194,-127.4271632
33113112148,-71.11585258,-128.780056
33884415614,-71.65499373,-130.146514
34673685045,-72.19205725,-131.5268148
35481338923,-72.72695364,-132.9212226
36307805477,-73.25959206,-134.3299873
37153522910,-73.78988034,-135.7533436
38018939632,-74.31772503,-137.1915106
38904514499,-74.8430314,-138.6446908
39810717055,-75.36570355,-140.1130696
40738027780,-75.88564438,-141.5968143
41686938347,-76.40275574,-143.0960737
42657951880,-76.91693842,-144.6109772
43651583224,-77.42809226,-146.1416342
44668359215,-77.93611627,-147.6881333
45708818961,-78.44090863,-149.2505421
46773514129,-78.94236688,-150.8289059
47863009232,-79.44038797,-152.4232476
48977881937,-79.93486838,-154.0335671
50118723363,-80.42570426,-155.6598405
51286138399,-80.91279154,-157.3020201
52480746025,-81.39602604,-158.9600333
53703179637,-81.87530367,-160.6337827
54954087386,-82.35052049,-162.3231456
56234132519,-82.82157292,-164.0279738
57543993734,-83.28835789,-165.7480928
58884365536,-83.75077294,-167.4833024
60255958607,-84.20871646,-169.2333759
61659500186,-84.66208779,-170.9980602
63095734448,-85.11078742,-172.7770759
64565422903,-85.55471716,-174.5701169
66069344801,-85.9937803,-176.3768509
67608297539,-86.4278818,-178.1969194
69183097092,-86.85692842,-180.0299377
70794578438,-87.28082898,-181.875495
72443596007,-87.69949444,-183.7331555
74131024130,-88.11283815,-185.6024576
75857757503,-88.520776,-187.4829153
77624711663,-88.92322658,-189.3740182
79432823472,-89.32011136,-191.275232
81283051616,-89.7113549,-193.1859995
83176377110,-90.09688494,-195.1057407
85113803820,-90.47663266,-197.033854
87096358996,-90.85053277,-198.9697169
89125093813,-91.2185237,-200.9126866
91201083936,-91.58054774,-202.8621011
93325430080,-91.93655122,-204.8172804
95499258602,-92.28648463,-206.7775269
97723722096,-92.63030276,-208.7421275
1E+11,-92.96796482,-210.7103535
1.02329E+11,-93.2994346,-212.6814631
1.04713E+11,-93.62468055,-214.6547018
1.07152E+11,-93.94367592,-216.6293041
1.09648E+11,-94.25639881,-218.6044949
1.12202E+11,-94.56283229,-220.5794907
1.14815E+11,-94.86296448,-222.5535015
1.1749E+11,-95.15678859,-224.5257321
1.20226E+11,-95.44430298,-226.4953835
1.23027E+11,-95.72551119,-228.461655
1.25893E+11,-96.00042198,-230.4237454
1.28825E+11,-96.26904932,-232.3808548
1.31826E+11,-96.53141236,-234.3321866
1.34896E+11,-96.78753548,-236.2769485
1.38038E+11,-97.03744815,-238.2143549
1.41254E+11,-97.28118495,-240.1436282
1.44544E+11,-97.51878548,-242.0640004
1.47911E+11,-97.75029424,-243.974715
1.51356E+11,-97.97576057,-245.8750285
1.54882E+11,-98.1952385,-247.7642118
1.58489E+11,-98.40878661,-249.6415521
1.62181E+11,-98.61646791,-251.5063537
1.65959E+11,-98.81834965,-253.3579402
1.69824E+11,-99.01450315,-255.195655
1.7378E+11,-99.20500361,-257.018863
1.77828E+11,-99.38992992,-258.8269518
1.8197E+11,-99.56936443,-260.6193325
1.86209E+11,-99.74339275,-262.3954404
1.90546E+11,-99.91210351,-264.1547366
1.94984E+11,-100.0755882,-265.896708
1.99526E+11,-100.2339407,-267.6208684
2.04174E+11,-100.3872573,-269.3267585
2.0893E+11,-100.5356365,-271.0139471
2.13796E+11,-100.6791785,-272.6820306
2.18776E+11,-100.8179851,-274.3306337
2.23872E+11,-100.9521593,-275.9594094
2.29087E+11,-101.0818056,-277.5680387
2.34423E+11,-101.207029,-279.1562309
2.39883E+11,-101.3279353,-280.7237233
2.45471E+11,-101.4446309,-282.2702807
2.51189E+11,-101.5572221,-283.7956953
2.5704E+11,-101.6658154,-285.299786
2.63027E+11,-101.770517,-286.7823982
2.69153E+11,-101.871433,-288.2434028
2.75423E+11,-101.9686687,-289.682696
2.81838E+11,-102.0623286,-291.1001983
2.88403E+11,-102.1525165,-292.4958538
2.95121E+11,-102.2393352,-293.8696296
3.01995E+11,-102.3228861,-295.2215148
3.0903E+11,-102.4032696,-296.5515195
3.16228E+11,-102.4805845,-297.8596744
3.23594E+11,-102.5549281,-299.1460294
3.31131E+11,-102.6263961,-300.4106532
3.38844E+11,-102.6950826,-301.6536318
3.46737E+11,-102.7610796,-302.8750681
3.54813E+11,-102.8244777,-304.0750808
3.63078E+11,-102.8853654,-305.2538034
3.71535E+11,-102.9438291,-306.4113833
3.80189E+11,-102.9999534,-307.5479813
3.89045E+11,-103.0538208,-308.6637701
3.98107E+11,-103.1055119,-309.758934
4.0738E+11,-103.155105,-310.8336677
4.16869E+11,-103.2026765,-311.8881757
4.2658E+11,-103.2483006,-312.9226713
4.36516E+11,-103.2920496,-313.9373762
4.46684E+11,-103.3339934,-314.9325194
4.57088E+11,-103.3742003,-315.9083365
4.67735E+11,-103.4127361,-316.8650694
4.7863E+11,-103.4496648,-317.8029652
4.89779E+11,-103.4850485,-318.7222758
5.01187E+11,-103.5189471,-319.6232572
5.12861E+11,-103.5514186,-320.506169
5.24807E+11,-103.5825192,-321.3712739
5.37032E+11,-103.6123031,-322.2188371
5.49541E+11,-103.6408227,-323.0491258
5.62341E+11,-103.6681285,-323.8624089
5.7544E+11,-103.6942695,-324.6589561
5.88844E+11,-103.7192927,-325.4390383
6.0256E+11,-103.7432435,-326.2029264
6.16595E+11,-103.7661657,-326.9508914
6.30957E+11,-103.7881014,-327.6832041
6.45654E+11,-103.8090912,-328.4001344
6.60693E+11,-103.8291742,-329.1019515
6.76083E+11,-103.8483881,-329.7889232
6.91831E+11,-103.8667689,-330.4613158
7.07946E+11,-103.8843516,-331.1193942
7.24436E+11,-103.9011695,-331.7634211
7.4131E+11,-103.9172549,-332.3936572
7.58578E+11,-103.9326386,-333.0103609
7.76247E+11,-103.9473503,-333.6137882
7.94328E+11,-103.9614185,-334.2041925
8.12831E+11,-103.9748705,-334.7818245
8.31764E+11,-103.9877328,-335.3469319
8.51138E+11,-104.0000304,-335.8997598
8.70964E+11,-104.0117875,-336.4405499
8.91251E+11,-104.0230274,-336.9695409
9.12011E+11,-104.0337723,-337.4869684
9.33254E+11,-104.0440435,-337.9930646
9.54993E+11,-104.0538616,-338.4880584
9.77237E+11,-104.0632461,-338.9721755
1E+12,-104.0722158,-339.4456379
1.02329E+12,-104.0807888,-339.9086645
1.04713E+12,-104.0889822,-340.3614705
1.07152E+12,-104.0968127,-340.8042677
1.09648E+12,-104.104296,-341.2372645
1.12202E+12,-104.1114474,-341.6606657
1.14815E+12,-104.1182813,-342.0746726
1.1749E+12,-104.1248116,-342.4794832
1.20226E+12,-104.1310517,-342.8752919
1.23027E+12,-104.1370144,-343.2622896
1.25893E+12,-104.1427117,-343.6406638
1.28825E+12,-104.1481554,-344.0105986
1.31826E+12,-104.1533567,-344.3722748
1.34896E+12,-104.1583262,-344.7258696
1.38038E+12,-104.1630741,-345.071557
1.41254E+12,-104.1676103,-345.4095077
1.44544E+12,-104.1719442,-345.7398891
1.47911E+12,-104.1760846,-346.0628654
1.51356E+12,-104.1800401,-346.3785975
1.54882E+12,-104.1838189,-346.6872432
1.58489E+12,-104.1874289,-346.9889572
1.62181E+12,-104.1908776,-347.283891
1.65959E+12,-104.1941721,-347.5721931
1.69824E+12,-104.1973192,-347.8540092
1.7378E+12,-104.2003255,-348.1294818
1.77828E+12,-104.2031973,-348.3987506
1.8197E+12,-104.2059406,-348.6619523
1.86209E+12,-104.2085611,-348.919221
1.90546E+12,-104.2110642,-349.1706878
1.94984E+12,-104.2134552,-349.4164812
1.99526E+12,-104.215739,-349.6567271
2.04174E+12,-104.2179206,-349.8915484
2.0893E+12,-104.2200043,-350.1210658
2.13796E+12,-104.2219947,-350.3453973
2.18776E+12,-104.2238958,-350.5646583
2.23872E+12,-104.2257116,-350.778962
2.29087E+12,-104.227446,-350.9884188
2.34423E+12,-104.2291026,-351.193137
2.39883E+12,-104.2306849,-351.3932227
2.45471E+12,-104.2321962,-351.5887793
2.51189E+12,-104.2336397,-351.7799083
2.5704E+12,-104.2350184,-351.9667089
2.63027E+12,-104.2363352,-352.1492782
2.69153E+12,-104.2375928,-352.327711
2.75423E+12,-104.2387941,-352.5021003
2.81838E+12,-104.2399413,-352.6725369
2.88403E+12,-104.2410371,-352.8391097
2.95121E+12,-104.2420836,-353.0019054
3.01995E+12,-104.2430831,-353.1610092
3.0903E+12,-104.2440378,-353.3165042
3.16228E+12,-104.2449495,-353.4684717
3.23594E+12,-104.2458203,-353.6169911
3.31131E+12,-104.2466519,-353.7621402
3.38844E+12,-104.2474462,-353.903995
3.46737E+12,-104.2482048,-354.04263
3.54813E+12,-104.2489293,-354.1781176
3.63078E+12,-104.2496212,-354.3105291
3.71535E+12,-104.2502821,-354.439934
3.80189E+12,-104.2509132,-354.5664001
3.89045E+12,-104.251516,-354.6899939
3.98107E+12,-104.2520916,-354.8107804
4.0738E+12,-104.2526414,-354.928823
4.16869E+12,-104.2531665,-355.0441839
4.2658E+12,-104.2536679,-355.1569238
4.36516E+12,-104.2541468,-355.2671019
4.46684E+12,-104.2546042,-355.3747763
4.57088E+12,-104.255041,-355.4800037
4.67735E+12,-104.2554582,-355.5828396
4.7863E+12,-104.2558566,-355.6833381
4.89779E+12,-104.256237,-355.7815521
5.01187E+12,-104.2566004,-355.8775336
5.12861E+12,-104.2569474,-355.9713331
5.24807E+12,-104.2572789,-356.063
5.37032E+12,-104.2575954,-356.1525828
5.49541E+12,-104.2578976,-356.2401288
5.62341E+12,-104.2581863,-356.3256841
5.7544E+12,-104.258462,-356.4092939
5.88844E+12,-104.2587253,-356.4910023
6.0256E+12,-104.2589768,-356.5708526
6.16595E+12,-104.2592169,-356.6488869
6.30957E+12,-104.2594462,-356.7251464
6.45654E+12,-104.2596653,-356.7996715
6.60693E+12,-104.2598744,-356.8725015
6.76083E+12,-104.2600742,-356.9436749
6.91831E+12,-104.2602649,-357.0132293
7.07946E+12,-104.2604471,-357.0812015
7.24436E+12,-104.2606211,-357.1476275
7.4131E+12,-104.2607873,-357.2125424
7.58578E+12,-104.2609459,-357.2759806
7.76247E+12,-104.2610975,-357.3379755
7.94328E+12,-104.2612422,-357.39856
8.12831E+12,-104.2613804,-357.4577661
8.31764E+12,-104.2615124,-357.5156252
8.51138E+12,-104.2616385,-357.5721678
8.70964E+12,-104.2617589,-357.627424
8.91251E+12,-104.2618738,-357.6814229
9.12011E+12,-104.2619836,-357.7341932
9.33254E+12,-104.2620885,-357.7857627
9.54993E+12,-104.2621886,-357.8361588
9.77237E+12,-104.2622842,-357.8854082
1E+13,-104.2623756,-357.9335369
1.02329E+13,-104.2624628,-357.9805704
1.04713E+13,-104.2625461,-358.0265336
1.07152E+13,-104.2626256,-358.0714508
1.09648E+13,-104.2627016,-358.1153459
1.12202E+13,-104.2627741,-358.1582421
1.14815E+13,-104.2628434,-358.2001622
1.1749E+13,-104.2629096,-358.2411282
1.20226E+13,-104.2629727,-358.281162
1.23027E+13,-104.2630331,-358.3202846
1.25893E+13,-104.2630907,-358.358517
1.28825E+13,-104.2631457,-358.3958792
1.31826E+13,-104.2631983,-358.4323911
1.34896E+13,-104.2632485,-358.4680721
1.38038E+13,-104.2632964,-358.502941
1.41254E+13,-104.2633422,-358.5370164
1.44544E+13,-104.2633859,-358.5703162
1.47911E+13,-104.2634277,-358.6028581
1.51356E+13,-104.2634675,-358.6346594
1.54882E+13,-104.2635056,-358.6657369
1.58489E+13,-104.263542,-358.6961071
1.62181E+13,-104.2635767,-358.7257861
1.65959E+13,-104.2636098,-358.7547896
1.69824E+13,-104.2636415,-358.783133
1.7378E+13,-104.2636718,-358.8108312
1.77828E+13,-104.2637006,-358.8378991
1.8197E+13,-104.2637282,-358.8643508
1.86209E+13,-104.2637546,-358.8902005
1.90546E+13,-104.2637797,-358.9154619
1.94984E+13,-104.2638037,-358.9401483
1.99526E+13,-104.2638267,-358.9642728
2.04174E+13,-104.2638486,-358.9878482
2.0893E+13,-104.2638695,-359.010887
2.13796E+13,-104.2638895,-359.0334014
2.18776E+13,-104.2639086,-359.0554034
2.23872E+13,-104.2639268,-359.0769046
2.29087E+13,-104.2639442,-359.0979163
2.34423E+13,-104.2639608,-359.1184498
2.39883E+13,-104.2639767,-359.138516
2.45471E+13,-104.2639919,-359.1581254
2.51189E+13,-104.2640063,-359.1772885
2.5704E+13,-104.2640202,-359.1960154
2.63027E+13,-104.2640334,-359.214316
2.69153E+13,-104.264046,-359.2322001
2.75423E+13,-104.264058,-359.2496771
2.81838E+13,-104.2640695,-359.2667563
2.88403E+13,-104.2640805,-359.2834467
2.95121E+13,-104.264091,-359.2997573
3.01995E+13,-104.264101,-359.3156965
3.0903E+13,-104.2641106,-359.331273
3.16228E+13,-104.2641197,-359.3464949
3.23594E+13,-104.2641284,-359.3613704
3.31131E+13,-104.2641368,-359.3759072
3.38844E+13,-104.2641447,-359.3901131
3.46737E+13,-104.2641523,-359.4039957
3.54813E+13,-104.2641596,-359.4175623
3.63078E+13,-104.2641665,-359.4308201
3.71535E+13,-104.2641731,-359.4437761
3.80189E+13,-104.2641794,-359.4564372
3.89045E+13,-104.2641855,-359.4688101
3.98107E+13,-104.2641912,-359.4809014
4.0738E+13,-104.2641967,-359.4927175
4.16869E+13,-104.264202,-359.5042646
4.2658E+13,-104.264207,-359.5155488
4.36516E+13,-104.2642118,-359.5265762
4.46684E+13,-104.2642164,-359.5373526
4.57088E+13,-104.2642208,-359.5478837
4.67735E+13,-104.2642249,-359.558175
4.7863E+13,-104.2642289,-359.5682322
4.89779E+13,-104.2642327,-359.5780603
5.01187E+13,-104.2642364,-359.5876648
5.12861E+13,-104.2642398,-359.5970507
5.24807E+13,-104.2642431,-359.6062229
5.37032E+13,-104.2642463,-359.6151863
5.49541E+13,-104.2642493,-359.6239457
5.62341E+13,-104.2642522,-359.6325057
5.7544E+13,-104.264255,-359.6408709
5.88844E+13,-104.2642576,-359.6490456
6.0256E+13,-104.2642601,-359.6570343
6.16595E+13,-104.2642625,-359.6648411
6.30957E+13,-104.2642648,-359.6724703
6.45654E+13,-104.264267,-359.6799257
6.60693E+13,-104.2642691,-359.6872115
6.76083E+13,-104.2642711,-359.6943314
6.91831E+13,-104.264273,-359.7012893
7.07946E+13,-104.2642748,-359.7080887
7.24436E+13,-104.2642766,-359.7147334
7.4131E+13,-104.2642782,-359.7212269
7.58578E+13,-104.2642798,-359.7275725
7.76247E+13,-104.2642814,-359.7337737
7.94328E+13,-104.2642828,-359.7398337
8.12831E+13,-104.2642842,-359.7457558
8.31764E+13,-104.2642855,-359.7515431
8.51138E+13,-104.2642868,-359.7571987
8.70964E+13,-104.264288,-359.7627255
8.91251E+13,-104.2642891,-359.7681265
9.12011E+13,-104.2642902,-359.7734046
9.33254E+13,-104.2642913,-359.7785626
9.54993E+13,-104.2642923,-359.7836031
9.77237E+13,-104.2642932,-359.7885289
1E+14,-104.2642941,-359.7933425
1.02329E+14,-104.264295,-359.7980466
1.04713E+14,-104.2642958,-359.8026436
1.07152E+14,-104.2642966,-359.807136
1.09648E+14,-104.2642974,-359.8115261
1.12202E+14,-104.2642981,-359.8158163
1.14815E+14,-104.2642988,-359.8200088
1.1749E+14,-104.2642995,-359.8241059
1.20226E+14,-104.2643001,-359.8281098
1.23027E+14,-104.2643007,-359.8320225
1.25893E+14,-104.2643013,-359.8358461
1.28825E+14,-104.2643018,-359.8395827
1.31826E+14,-104.2643024,-359.8432342
1.34896E+14,-104.2643029,-359.8468027
1.38038E+14,-104.2643033,-359.8502899
1.41254E+14,-104.2643038,-359.8536977
1.44544E+14,-104.2643042,-359.8570279
1.47911E+14,-104.2643047,-359.8602824
1.51356E+14,-104.2643051,-359.8634627
1.54882E+14,-104.2643054,-359.8665707
1.58489E+14,-104.2643058,-359.8696079
1.62181E+14,-104.2643061,-359.872576
1.65959E+14,-104.2643065,-359.8754765
1.69824E+14,-104.2643068,-359.878311
1.7378E+14,-104.2643071,-359.881081
1.77828E+14,-104.2643074,-359.8837879
1.8197E+14,-104.2643077,-359.8864332
1.86209E+14,-104.2643079,-359.8890183
1.90546E+14,-104.2643082,-359.8915446
1.94984E+14,-104.2643084,-359.8940133
1.99526E+14,-104.2643086,-359.8964259
2.04174E+14,-104.2643089,-359.8987835
2.0893E+14,-104.2643091,-359.9010875
2.13796E+14,-104.2643093,-359.903339
2.18776E+14,-104.2643095,-359.9055393
2.23872E+14,-104.2643096,-359.9076895
2.29087E+14,-104.2643098,-359.9097907
2.34423E+14,-104.26431,-359.9118441
2.39883E+14,-104.2643101,-359.9138508
2.45471E+14,-104.2643103,-359.9158118
2.51189E+14,-104.2643104,-359.9177281
2.5704E+14,-104.2643106,-359.9196009
2.63027E+14,-104.2643107,-359.921431
2.69153E+14,-104.2643108,-359.9232194
2.75423E+14,-104.264311,-359.9249672
2.81838E+14,-104.2643111,-359.9266751
2.88403E+14,-104.2643112,-359.9283442
2.95121E+14,-104.2643113,-359.9299753
3.01995E+14,-104.2643114,-359.9315692
3.0903E+14,-104.2643115,-359.9331269
3.16228E+14,-104.2643116,-359.9346491
3.23594E+14,-104.2643117,-359.9361367
3.31131E+14,-104.2643117,-359.9375904
3.38844E+14,-104.2643118,-359.939011
3.46737E+14,-104.2643119,-359.9403993
3.54813E+14,-104.264312,-359.941756
3.63078E+14,-104.264312,-359.9430818
3.71535E+14,-104.2643121,-359.9443774
3.80189E+14,-104.2643122,-359.9456435
3.89045E+14,-104.2643122,-359.9468808
3.98107E+14,-104.2643123,-359.94809
4.0738E+14,-104.2643123,-359.9492716
4.16869E+14,-104.2643124,-359.9504263
4.2658E+14,-104.2643125,-359.9515547
4.36516E+14,-104.2643125,-359.9526575
4.46684E+14,-104.2643125,-359.9537351
4.57088E+14,-104.2643126,-359.9547882
4.67735E+14,-104.2643126,-359.9558174
4.7863E+14,-104.2643127,-359.9568231
4.89779E+14,-104.2643127,-359.9578059
5.01187E+14,-104.2643127,-359.9587664
5.12861E+14,-104.2643128,-359.959705
5.24807E+14,-104.2643128,-359.9606222
5.37032E+14,-104.2643128,-359.9615186
5.49541E+14,-104.2643129,-359.9623945
5.62341E+14,-104.2643129,-359.9632505
5.7544E+14,-104.2643129,-359.964087
5.88844E+14,-104.264313,-359.9649045
6.0256E+14,-104.264313,-359.9657034
6.16595E+14,-104.264313,-359.9664841
6.30957E+14,-104.264313,-359.967247
6.45654E+14,-104.2643131,-359.9679925
6.60693E+14,-104.2643131,-359.9687211
6.76083E+14,-104.2643131,-359.9694331
6.91831E+14,-104.2643131,-359.9701289
7.07946E+14,-104.2643131,-359.9708088
7.24436E+14,-104.2643131,-359.9714733
7.4131E+14,-104.2643132,-359.9721227
7.58578E+14,-104.2643132,-359.9727572
7.76247E+14,-104.2643132,-359.9733773
7.94328E+14,-104.2643132,-359.9739834
8.12831E+14,-104.2643132,-359.9745756
8.31764E+14,-104.2643132,-359.9751543
8.51138E+14,-104.2643132,-359.9757199
8.70964E+14,-104.2643133,-359.9762725
8.91251E+14,-104.2643133,-359.9768126
9.12011E+14,-104.2643133,-359.9773404
9.33254E+14,-104.2643133,-359.9778562
9.54993E+14,-104.2643133,-359.9783603
9.77237E+14,-104.2643133,-359.9788529
1E+15,-104.2643133,-359.9793342
