1,40.63190426,179.999999
1.023292992,40.63190426,179.999999
1.047128548,40.63190426,179.9999989
1.071519305,40.63190426,179.9999989
1.096478196,40.63190426,179.9999989
1.122018454,40.63190426,179.9999989
1.148153621,40.63190426,179.9999988
1.174897555,40.63190426,179.9999988
1.202264435,40.63190426,179.9999988
1.230268771,40.63190426,179.9999987
1.258925412,40.63190426,179.9999987
1.288249552,40.63190426,179.9999987
1.318256739,40.63190426,179.9999987
1.348962883,40.63190426,179.9999986
1.380384265,40.63190426,179.9999986
1.412537545,40.63190426,179.9999986
1.445439771,40.63190426,179.9999985
1.479108388,40.63190426,179.9999985
1.513561248,40.63190426,179.9999985
1.548816619,40.63190426,179.9999984
1.584893192,40.63190426,179.9999984
1.621810097,40.63190426,179.9999983
1.659586907,40.63190426,179.9999983
1.698243652,40.63190426,179.9999983
1.737800829,40.63190426,179.9999982
1.77827941,40.63190426,179.9999982
1.819700859,40.63190426,179.9999981
1.862087137,40.63190426,179.9999981
1.905460718,40.63190426,179.9999981
1.9498446,40.63190426,179.999998
1.995262315,40.63190426,179.999998
2.041737945,40.63190426,179.9999979
2.089296131,40.63190426,179.9999979
2.13796209,40.63190426,179.9999978
2.187761624,40.63190426,179.9999978
2.238721139,40.63190426,179.9999977
2.290867653,40.63190426,179.9999977
2.344228815,40.63190426,179.9999976
2.398832919,40.63190426,179.9999976
2.454708916,40.63190426,179.9999975
2.511886432,40.63190426,179.9999974
2.570395783,40.63190426,179.9999974
2.630267992,40.63190426,179.9999973
2.691534804,40.63190426,179.9999973
2.754228703,40.63190426,179.9999972
2.818382931,40.63190426,179.9999971
2.884031503,40.63190426,179.9999971
2.951209227,40.63190426,179.999997
3.01995172,40.63190426,179.9999969
3.090295433,40.63190426,179.9999969
3.16227766,40.63190426,179.9999968
3.235936569,40.63190426,179.9999967
3.311311215,40.63190426,179.9999966
3.388441561,40.63190426,179.9999965
3.467368505,40.63190426,179.9999965
3.548133892,40.63190426,179.9999964
3.630780548,40.63190426,179.9999963
3.715352291,40.63190426,179.9999962
3.801893963,40.63190426,179.9999961
3.89045145,40.63190426,179.999996
3.981071706,40.63190426,179.9999959
4.073802778,40.63190426,179.9999959
4.168693835,40.63190426,179.9999958
4.265795188,40.63190426,179.9999957
4.365158322,40.63190426,179.9999956
4.466835922,40.63190426,179.9999955
4.570881896,40.63190426,179.9999953
4.677351413,40.63190426,179.9999952
4.786300923,40.63190426,179.9999951
4.897788194,40.63190426,179.999995
5.011872336,40.63190426,179.9999949
5.12861384,40.63190426,179.9999948
5.248074602,40.63190426,179.9999947
5.370317964,40.63190426,179.9999945
5.495408739,40.63190426,179.9999944
5.623413252,40.63190426,179.9999943
5.754399373,40.63190426,179.9999941
5.888436554,40.63190426,179.999994
6.025595861,40.63190426,179.9999939
6.165950019,40.63190426,179.9999937
6.309573445,40.63190426,179.9999936
6.45654229,40.63190426,179.9999934
6.60693448,40.63190426,179.9999933
6.760829754,40.63190426,179.9999931
6.918309709,40.63190426,179.999993
7.079457844,40.63190426,179.9999928
7.244359601,40.63190426,179.9999926
7.413102413,40.63190426,179.9999925
7.58577575,40.63190426,179.9999923
7.762471166,40.63190426,179.9999921
7.943282347,40.63190426,179.9999919
8.128305162,40.63190426,179.9999917
8.317637711,40.63190426,179.9999915
8.511380382,40.63190426,179.9999913
8.7096359,40.63190426,179.9999911
8.912509381,40.63190426,179.9999909
9.120108394,40.63190426,179.9999907
9.332543008,40.63190426,179.9999905
9.54992586,40.63190426,179.9999903
9.77237221,40.63190426,179.99999
10,40.63190426,179.9999898
10.23292992,40.63190426,179.9999896
10.47128548,40.63190426,179.9999893
10.71519305,40.63190426,179.9999891
10.96478196,40.63190426,179.9999888
11.22018454,40.63190426,179.9999886
11.48153621,40.63190426,179.9999883
11.74897555,40.63190426,179.999988
12.02264435,40.63190426,179.9999878
12.30268771,40.63190426,179.9999875
12.58925412,40.63190426,179.9999872
12.88249552,40.63190426,179.9999869
13.18256739,40.63190426,179.9999866
13.48962883,40.63190426,179.9999863
13.80384265,40.63190426,179.9999859
14.12537545,40.63190426,179.9999856
14.45439771,40.63190426,179.9999853
14.79108388,40.63190426,179.9999849
15.13561248,40.63190426,179.9999846
15.48816619,40.63190426,179.9999842
15.84893192,40.63190426,179.9999839
16.21810097,40.63190426,179.9999835
16.59586907,40.63190426,179.9999831
16.98243652,40.63190426,179.9999827
17.37800829,40.63190426,179.9999823
17.7827941,40.63190426,179.9999819
18.19700859,40.63190426,179.9999815
18.62087137,40.63190426,179.999981
19.05460718,40.63190426,179.9999806
19.498446,40.63190426,179.9999801
19.95262315,40.63190426,179.9999797
20.41737945,40.63190426,179.9999792
20.89296131,40.63190426,179.9999787
21.3796209,40.63190426,179.9999782
21.87761624,40.63190426,179.9999777
22.38721139,40.63190426,179.9999772
22.90867653,40.63190426,179.9999767
23.44228815,40.63190426,179.9999761
23.98832919,40.63190426,179.9999756
24.54708916,40.63190426,179.999975
25.11886432,40.63190426,179.9999744
25.70395783,40.63190426,179.9999738
26.30267992,40.63190426,179.9999732
26.91534804,40.63190426,179.9999726
27.54228703,40.63190426,179.999972
28.18382931,40.63190426,179.9999713
28.84031503,40.63190426,179.9999706
29.51209227,40.63190426,179.9999699
30.1995172,40.63190426,179.9999692
30.90295433,40.63190426,179.9999685
31.6227766,40.63190426,179.9999678
32.35936569,40.63190426,179.999967
33.11311215,40.63190426,179.9999663
33.88441561,40.63190426,179.9999655
34.67368505,40.63190426,179.9999647
35.48133892,40.63190426,179.9999639
36.30780548,40.63190426,179.999963
37.15352291,40.63190426,179.9999622
38.01893963,40.63190426,179.9999613
38.9045145,40.63190426,179.9999604
39.81071706,40.63190426,179.9999595
40.73802778,40.63190426,179.9999585
41.68693835,40.63190426,179.9999575
42.65795188,40.63190426,179.9999566
43.65158322,40.63190426,179.9999555
44.66835922,40.63190426,179.9999545
45.70881896,40.63190426,179.9999535
46.77351413,40.63190426,179.9999524
47.86300923,40.63190426,179.9999513
48.97788194,40.63190426,179.9999501
50.11872336,40.63190426,179.999949
51.2861384,40.63190426,179.9999478
52.48074602,40.63190426,179.9999466
53.70317964,40.63190426,179.9999453
54.95408739,40.63190426,179.999944
56.23413252,40.63190426,179.9999427
57.54399373,40.63190426,179.9999414
58.88436554,40.63190426,179.99994
60.25595861,40.63190426,179.9999386
61.65950019,40.63190426,179.9999372
63.09573445,40.63190426,179.9999357
64.5654229,40.63190426,179.9999342
66.0693448,40.63190426,179.9999327
67.60829754,40.63190426,179.9999311
69.18309709,40.63190426,179.9999295
70.79457844,40.63190426,179.9999279
72.44359601,40.63190426,179.9999262
74.13102413,40.63190426,179.9999245
75.8577575,40.63190426,179.9999227
77.62471166,40.63190426,179.9999209
79.43282347,40.63190426,179.9999191
81.28305162,40.63190426,179.9999172
83.17637711,40.63190426,179.9999153
85.11380382,40.63190426,179.9999133
87.096359,40.63190426,179.9999113
89.12509381,40.63190426,179.9999092
91.20108394,40.63190426,179.9999071
93.32543008,40.63190426,179.999905
95.4992586,40.63190426,179.9999027
97.7237221,40.63190426,179.9999005
100,40.63190426,179.9998982
102.3292992,40.63190426,179.9998958
104.7128548,40.63190426,179.9998934
107.1519305,40.63190426,179.9998909
109.6478196,40.63190426,179.9998883
112.2018454,40.63190426,179.9998857
114.8153621,40.63190426,179.9998831
117.4897555,40.63190426,179.9998804
120.2264435,40.63190426,179.9998776
123.0268771,40.63190426,179.9998747
125.8925412,40.63190426,179.9998718
128.8249552,40.63190426,179.9998688
131.8256739,40.63190426,179.9998658
134.8962883,40.63190426,179.9998626
138.0384265,40.63190426,179.9998594
141.2537545,40.63190426,179.9998562
144.5439771,40.63190426,179.9998528
147.9108388,40.63190426,179.9998494
151.3561248,40.63190426,179.9998459
154.8816619,40.63190426,179.9998423
158.4893192,40.63190426,179.9998386
162.1810097,40.63190426,179.9998348
165.9586907,40.63190426,179.999831
169.8243652,40.63190426,179.9998271
173.7800829,40.63190426,179.999823
177.827941,40.63190426,179.9998189
181.9700859,40.63190426,179.9998147
186.2087137,40.63190426,179.9998104
190.5460718,40.63190426,179.999806
194.98446,40.63190426,179.9998014
199.5262315,40.63190426,179.9997968
204.1737945,40.63190426,179.9997921
208.9296131,40.63190426,179.9997872
213.796209,40.63190426,179.9997823
218.7761624,40.63190426,179.9997772
223.8721139,40.63190426,179.999772
229.0867653,40.63190426,179.9997667
234.4228815,40.63190426,179.9997613
239.8832919,40.63190426,179.9997557
245.4708916,40.63190426,179.99975
251.1886432,40.63190426,179.9997442
257.0395783,40.63190426,179.9997382
263.0267992,40.63190426,179.9997321
269.1534804,40.63190426,179.9997259
275.4228703,40.63190426,179.9997195
281.8382931,40.63190426,179.999713
288.4031503,40.63190426,179.9997063
295.1209227,40.63190426,179.9996995
301.995172,40.63190426,179.9996925
309.0295433,40.63190426,179.9996853
316.227766,40.63190426,179.999678
323.5936569,40.63190426,179.9996705
331.1311215,40.63190426,179.9996628
338.8441561,40.63190426,179.9996549
346.7368505,40.63190426,179.9996469
354.8133892,40.63190426,179.9996387
363.0780548,40.63190426,179.9996303
371.5352291,40.63190426,179.9996216
380.1893963,40.63190426,179.9996128
389.045145,40.63190426,179.9996038
398.1071706,40.63190426,179.9995946
407.3802778,40.63190426,179.9995851
416.8693835,40.63190426,179.9995755
426.5795188,40.63190426,179.9995656
436.5158322,40.63190426,179.9995555
446.6835922,40.63190426,179.9995451
457.0881896,40.63190426,179.9995345
467.7351413,40.63190426,179.9995237
478.6300923,40.63190426,179.9995126
489.7788194,40.63190426,179.9995012
501.1872336,40.63190426,179.9994896
512.861384,40.63190426,179.9994777
524.8074602,40.63190426,179.9994656
537.0317964,40.63190426,179.9994531
549.5408739,40.63190426,179.9994404
562.3413252,40.63190426,179.9994273
575.4399373,40.63190426,179.999414
588.8436554,40.63190426,179.9994003
602.5595861,40.63190426,179.9993864
616.5950019,40.63190426,179.9993721
630.9573445,40.63190426,179.9993574
645.654229,40.63190426,179.9993425
660.693448,40.63190426,179.9993272
676.0829754,40.63190426,179.9993115
691.8309709,40.63190426,179.9992955
707.9457844,40.63190426,179.999279
724.4359601,40.63190426,179.9992623
741.3102413,40.63190426,179.9992451
758.577575,40.63190426,179.9992275
776.2471166,40.63190426,179.9992095
794.3282347,40.63190426,179.9991911
812.8305162,40.63190426,179.9991722
831.7637711,40.63190426,179.999153
851.1380382,40.63190426,179.9991332
870.96359,40.63190426,179.999113
891.2509381,40.63190426,179.9990924
912.0108394,40.63190426,179.9990712
933.2543008,40.63190426,179.9990496
954.992586,40.63190426,179.9990275
977.237221,40.63190426,179.9990048
1000,40.63190426,179.9989816
1023.292992,40.63190426,179.9989579
1047.128548,40.63190426,179.9989336
1071.519305,40.63190425,179.9989088
1096.478196,40.63190425,179.9988834
1122.018454,40.63190425,179.9988574
1148.153621,40.63190425,179.9988308
1174.897555,40.63190425,179.9988035
1202.264435,40.63190425,179.9987756
1230.268771,40.63190425,179.9987471
1258.925412,40.63190425,179.9987179
1288.249552,40.63190425,179.9986881
1318.256739,40.63190425,179.9986575
1348.962883,40.63190425,179.9986263
1380.384265,40.63190425,179.9985943
1412.537545,40.63190425,179.9985615
1445.439771,40.63190425,179.998528
1479.108388,40.63190425,179.9984937
1513.561248,40.63190425,179.9984586
1548.816619,40.63190425,179.9984227
1584.893192,40.63190425,179.998386
1621.810097,40.63190425,179.9983484
1659.586907,40.63190425,179.9983099
1698.243652,40.63190425,179.9982706
1737.800829,40.63190425,179.9982303
1778.27941,40.63190425,179.998189
1819.700859,40.63190425,179.9981469
1862.087137,40.63190425,179.9981037
1905.460718,40.63190425,179.9980595
1949.8446,40.63190425,179.9980143
1995.262315,40.63190425,179.9979681
2041.737945,40.63190425,179.9979207
2089.296131,40.63190425,179.9978723
2137.96209,40.63190425,179.9978228
2187.761624,40.63190425,179.997772
2238.721139,40.63190425,179.9977201
2290.867653,40.63190425,179.997667
2344.228815,40.63190425,179.9976127
2398.832919,40.63190425,179.9975571
2454.708916,40.63190425,179.9975002
2511.886432,40.63190425,179.997442
2570.395783,40.63190425,179.9973824
2630.267992,40.63190425,179.9973214
2691.534804,40.63190425,179.997259
2754.228703,40.63190425,179.9971952
2818.382931,40.63190425,179.9971298
2884.031503,40.63190425,179.997063
2951.209227,40.63190424,179.9969946
3019.95172,40.63190424,179.9969246
3090.295433,40.63190424,179.9968529
3162.27766,40.63190424,179.9967796
3235.936569,40.63190424,179.9967046
3311.311215,40.63190424,179.9966278
3388.441561,40.63190424,179.9965493
3467.368505,40.63190424,179.9964689
3548.133892,40.63190424,179.9963867
3630.780548,40.63190424,179.9963025
3715.352291,40.63190424,179.9962164
3801.893963,40.63190424,179.9961283
3890.45145,40.63190424,179.9960381
3981.071706,40.63190424,179.9959458
4073.802778,40.63190423,179.9958513
4168.693835,40.63190423,179.9957547
4265.795188,40.63190423,179.9956558
4365.158322,40.63190423,179.9955546
4466.835922,40.63190423,179.9954511
4570.881896,40.63190423,179.9953451
4677.351413,40.63190423,179.9952367
4786.300923,40.63190423,179.9951258
4897.788194,40.63190422,179.9950122
5011.872336,40.63190422,179.994896
5128.61384,40.63190422,179.9947772
5248.074602,40.63190422,179.9946555
5370.317964,40.63190422,179.994531
5495.408739,40.63190422,179.9944036
5623.413252,40.63190421,179.9942733
5754.399373,40.63190421,179.9941399
5888.436554,40.63190421,179.9940034
6025.595861,40.63190421,179.9938637
6165.950019,40.6319042,179.9937208
6309.573445,40.6319042,179.9935745
6456.54229,40.6319042,179.9934248
6606.93448,40.6319042,179.9932717
6760.829754,40.63190419,179.993115
6918.309709,40.63190419,179.9929546
7079.457844,40.63190419,179.9927905
7244.359601,40.63190419,179.9926225
7413.102413,40.63190418,179.9924507
7585.77575,40.63190418,179.9922748
7762.471166,40.63190417,179.9920949
7943.282347,40.63190417,179.9919108
8128.305162,40.63190417,179.9917224
8317.637711,40.63190416,179.9915295
8511.380382,40.63190416,179.9913322
8709.6359,40.63190415,179.9911303
8912.509381,40.63190415,179.9909237
9120.108394,40.63190414,179.9907123
9332.543008,40.63190414,179.990496
9549.92586,40.63190413,179.9902746
9772.37221,40.63190413,179.9900481
10000,40.63190412,179.9898163
10232.92992,40.63190411,179.9895791
10471.28548,40.63190411,179.9893363
10715.19305,40.6319041,179.9890879
10964.78196,40.63190409,179.9888338
11220.18454,40.63190409,179.9885737
11481.53621,40.63190408,179.9883075
11748.97555,40.63190407,179.9880352
12022.64435,40.63190406,179.9877565
12302.68771,40.63190405,179.9874713
12589.25412,40.63190404,179.9871794
12882.49552,40.63190403,179.9868808
13182.56739,40.63190402,179.9865752
13489.62883,40.63190401,179.9862625
13803.84265,40.631904,179.9859425
14125.37545,40.63190399,179.9856151
14454.39771,40.63190397,179.98528
14791.08388,40.63190396,179.9849372
15135.61248,40.63190395,179.9845863
15488.16619,40.63190393,179.9842273
15848.93192,40.63190392,179.9838599
16218.10097,40.6319039,179.9834839
16595.86907,40.63190388,179.9830992
16982.43652,40.63190387,179.9827055
17378.00829,40.63190385,179.9823027
17782.7941,40.63190383,179.9818905
18197.00859,40.63190381,179.9814687
18620.87137,40.63190379,179.981037
19054.60718,40.63190376,179.9805953
19498.446,40.63190374,179.9801433
19952.62315,40.63190372,179.9796808
20417.37945,40.63190369,179.9792075
20892.96131,40.63190366,179.9787232
21379.6209,40.63190364,179.9782276
21877.61624,40.63190361,179.9777204
22387.21139,40.63190358,179.9772015
22908.67653,40.63190354,179.9766704
23442.28815,40.63190351,179.976127
23988.32919,40.63190348,179.9755709
24547.08916,40.63190344,179.9750019
25118.86432,40.6319034,179.9744196
25703.95783,40.63190336,179.9738238
26302.67992,40.63190332,179.9732141
26915.34804,40.63190327,179.9725901
27542.28703,40.63190323,179.9719517
28183.82931,40.63190318,179.9712983
28840.31503,40.63190313,179.9706298
29512.09227,40.63190307,179.9699457
30199.5172,40.63190302,179.9692456
30902.95433,40.63190296,179.9685293
31622.7766,40.6319029,179.9677962
32359.36569,40.63190284,179.9670461
33113.11215,40.63190277,179.9662785
33884.41561,40.6319027,179.965493
34673.68505,40.63190262,179.9646893
35481.33892,40.63190255,179.9638668
36307.80548,40.63190247,179.9630251
37153.52291,40.63190238,179.9621639
38018.93963,40.63190229,179.9612825
38904.5145,40.6319022,179.9603807
39810.71706,40.63190211,179.9594578
40738.02778,40.631902,179.9585135
41686.93835,40.6319019,179.9575471
42657.95188,40.63190179,179.9565583
43651.58322,40.63190167,179.9555464
44668.35922,40.63190155,179.9545109
45708.81896,40.63190142,179.9534514
46773.51413,40.63190129,179.9523671
47863.00923,40.63190115,179.9512576
48977.88194,40.631901,179.9501222
50118.72336,40.63190085,179.9489604
51286.1384,40.63190069,179.9477716
52480.74602,40.63190052,179.946555
53703.17964,40.63190034,179.9453101
54954.08739,40.63190016,179.9440362
56234.13252,40.63189996,179.9427327
57543.99373,40.63189976,179.9413988
58884.36554,40.63189955,179.9400338
60255.95861,40.63189933,179.938637
61659.50019,40.6318991,179.9372076
63095.73445,40.63189885,179.935745
64565.4229,40.6318986,179.9342483
66069.3448,40.63189833,179.9327168
67608.29754,40.63189805,179.9311496
69183.09709,40.63189776,179.9295458
70794.57844,40.63189745,179.9279047
72443.59601,40.63189713,179.9262254
74131.02413,40.6318968,179.924507
75857.7575,40.63189645,179.9227485
77624.71166,40.63189608,179.9209491
79432.82347,40.63189569,179.9191078
81283.05162,40.63189529,179.9172236
83176.37711,40.63189487,179.9152955
85113.80382,40.63189442,179.9133224
87096.359,40.63189396,179.9113035
89125.09381,40.63189348,179.9092375
91201.08394,40.63189297,179.9071233
93325.43008,40.63189244,179.90496
95499.2586,40.63189188,179.9027462
97723.7221,40.6318913,179.9004809
100000,40.63189069,179.8981628
102329.2992,40.63189005,179.8957907
104712.8548,40.63188938,179.8933634
107151.9305,40.63188867,179.8908795
109647.8196,40.63188794,179.8883377
112201.8454,40.63188717,179.8857368
114815.3621,40.63188637,179.8830753
117489.7555,40.63188552,179.8803518
120226.4435,40.63188464,179.8775648
123026.8771,40.63188372,179.8747129
125892.5412,40.63188275,179.8717946
128824.9552,40.63188173,179.8688083
131825.6739,40.63188067,179.8657525
134896.2883,40.63187956,179.8626255
138038.4265,40.6318784,179.8594256
141253.7545,40.63187718,179.8561513
144543.9771,40.6318759,179.8528006
147910.8388,40.63187457,179.8493719
151356.1248,40.63187317,179.8458633
154881.6619,40.6318717,179.8422731
158489.3192,40.63187017,179.8385991
162181.0097,40.63186856,179.8348397
165958.6907,40.63186688,179.8309926
169824.3652,40.63186512,179.8270559
173780.0829,40.63186327,179.8230276
177827.941,40.63186134,179.8189054
181970.0859,40.63185932,179.8146872
186208.7137,40.6318572,179.8103707
190546.0718,40.63185498,179.8059537
194984.46,40.63185266,179.8014338
199526.2315,40.63185023,179.7968087
204173.7945,40.63184768,179.7920758
208929.6131,40.63184502,179.7872326
213796.209,40.63184222,179.7822767
218776.1624,40.6318393,179.7772053
223872.1139,40.63183624,179.7720158
229086.7653,40.63183303,179.7667054
234422.8815,40.63182968,179.7612714
239883.2919,40.63182616,179.7557107
245470.8916,40.63182248,179.7500206
251188.6432,40.63181863,179.7441979
257039.5783,40.63181459,179.7382396
263026.7992,40.63181037,179.7321425
269153.4804,40.63180594,179.7259034
275422.8703,40.63180131,179.7195189
281838.2931,40.63179646,179.7129858
288403.1503,40.63179138,179.7063005
295120.9227,40.63178606,179.6994595
301995.172,40.63178049,179.6924591
309029.5433,40.63177465,179.6852957
316227.766,40.63176854,179.6779655
323593.6569,40.63176215,179.6704645
331131.1215,40.63175545,179.6627888
338844.1561,40.63174844,179.6549343
346736.8505,40.6317411,179.6468969
354813.3892,40.63173341,179.6386723
363078.0548,40.63172535,179.6302561
371535.2291,40.63171692,179.6216439
380189.3963,40.63170809,179.6128311
389045.145,40.63169885,179.6038131
398107.1706,40.63168917,179.594585
407380.2778,40.63167903,179.585142
416869.3835,40.63166842,179.575479
426579.5188,40.63165731,179.565591
436515.8322,40.63164567,179.5554727
446683.5922,40.63163348,179.5451188
457088.1896,40.63162072,179.5345237
467735.1413,40.63160736,179.5236819
478630.0923,40.63159337,179.5125875
489778.8194,40.63157871,179.5012348
501187.2336,40.63156337,179.4896176
512861.384,40.63154731,179.4777299
524807.4602,40.63153049,179.4655654
537031.7964,40.63151287,179.4531175
549540.8739,40.63149443,179.4403798
562341.3252,40.63147511,179.4273454
575439.9373,40.63145489,179.4140075
588843.6554,40.63143371,179.4003589
602559.5861,40.63141154,179.3863925
616595.0019,40.63138832,179.3721009
630957.3445,40.631364,179.3574764
645654.229,40.63133854,179.3425114
660693.448,40.63131188,179.3271979
676082.9754,40.63128397,179.3115278
691830.9709,40.63125474,179.2954928
707945.7844,40.63122413,179.2790844
724435.9601,40.63119208,179.2622939
741310.2413,40.63115852,179.2451125
758577.575,40.63112338,179.227531
776247.1166,40.63108658,179.2095401
794328.2347,40.63104804,179.1911303
812830.5162,40.6310077,179.1722918
831763.7711,40.63096545,179.1530148
851138.0382,40.63092121,179.1332889
870963.59,40.63087488,179.1131037
891250.9381,40.63082638,179.0924486
912010.8394,40.63077559,179.0713126
933254.3008,40.6307224,179.0496846
954992.586,40.63066671,179.027553
977237.221,40.63060839,179.0049062
1000000,40.63054733,178.9817323
1023292.992,40.63048339,178.9580189
1047128.548,40.63041644,178.9337534
1071519.305,40.63034633,178.9089232
1096478.196,40.63027292,178.883515
1122018.454,40.63019606,178.8575155
1148153.621,40.63011557,178.8309108
1174897.555,40.63003129,178.8036869
1202264.435,40.62994304,178.7758294
1230268.771,40.62985063,178.7473236
1258925.412,40.62975387,178.7181545
1288249.552,40.62965255,178.6883067
1318256.739,40.62954646,178.6577643
1348962.883,40.62943537,178.6265112
1380384.265,40.62931905,178.594531
1412537.545,40.62919725,178.5618068
1445439.771,40.62906972,178.5283213
1479108.388,40.62893618,178.4940569
1513561.248,40.62879635,178.4589954
1548816.619,40.62864993,178.4231184
1584893.192,40.62849662,178.386407
1621810.097,40.62833609,178.3488419
1659586.907,40.628168,178.3104031
1698243.652,40.62799199,178.2710706
1737800.829,40.6278077,178.2308236
1778279.41,40.62761473,178.1896408
1819700.859,40.62741267,178.1475007
1862087.137,40.62720111,178.1043811
1905460.718,40.62697958,178.0602592
1949844.6,40.62674762,178.015112
1995262.315,40.62650475,177.9689157
2041737.945,40.62625045,177.921646
2089296.131,40.62598417,177.8732782
2137962.09,40.62570537,177.8237868
2187761.624,40.62541344,177.7731459
2238721.139,40.62510778,177.721329
2290867.653,40.62478773,177.6683089
2344228.815,40.62445263,177.6140579
2398832.919,40.62410176,177.5585476
2454708.916,40.62373438,177.5017489
2511886.432,40.62334973,177.4436322
2570395.783,40.62294698,177.3841672
2630267.992,40.62252529,177.3233228
2691534.804,40.62208377,177.2610674
2754228.703,40.6216215,177.1973684
2818382.931,40.62113748,177.1321927
2884031.503,40.62063072,177.0655064
2951209.227,40.62010014,176.9972749
3019951.72,40.61954462,176.9274628
3090295.433,40.61896299,176.8560339
3162277.66,40.61835404,176.7829511
3235936.569,40.61771648,176.7081767
3311311.215,40.61704897,176.631672
3388441.561,40.61635012,176.5533975
3467368.505,40.61561844,176.4733129
3548133.892,40.61485242,176.3913769
3630780.548,40.61405044,176.3075475
3715352.291,40.61321083,176.2217815
3801893.963,40.61233182,176.134035
3890451.45,40.61141157,176.0442632
3981071.706,40.61044816,175.9524201
4073802.778,40.60943957,175.8584589
4168693.835,40.60838371,175.7623319
4265795.188,40.60727836,175.66399
4365158.322,40.60612121,175.5633836
4466835.922,40.60490986,175.4604616
4570881.896,40.60364179,175.3551722
4677351.413,40.60231435,175.2474623
4786300.923,40.60092478,175.1372778
4897788.194,40.5994702,175.0245634
5011872.336,40.59794759,174.9092629
5128613.84,40.59635379,174.7913188
5248074.602,40.59468551,174.6706725
5370317.964,40.59293929,174.5472643
5495408.739,40.59111153,174.4210331
5623413.252,40.58919845,174.291917
5754399.373,40.58719611,174.1598525
5888436.554,40.58510039,174.0247753
6025595.861,40.58290699,173.8866196
6165950.019,40.5806114,173.7453184
6309573.445,40.57820893,173.6008037
6456542.29,40.57569465,173.453006
6606934.48,40.57306344,173.3018548
6760829.754,40.57030993,173.1472781
6918309.709,40.56742853,172.9892028
7079457.844,40.56441337,172.8275547
7244359.601,40.56125835,172.662258
7413102.413,40.5579571,172.4932362
7585775.75,40.55450296,172.320411
7762471.166,40.55088896,172.1437032
7943282.347,40.54710787,171.9630324
8128305.162,40.5431521,171.7783169
8317637.711,40.53901376,171.5894738
8511380.382,40.53468461,171.3964193
8709635.9,40.53015605,171.1990682
8912509.381,40.52541912,170.9973343
9120108.394,40.52046448,170.7911303
9332543.008,40.51528239,170.5803679
9549925.86,40.50986269,170.3649579
9772372.21,40.50419481,170.1448098
10000000,40.49826773,169.9198327
10232929.92,40.49206996,169.6899345
10471285.48,40.48558958,169.4550225
10715193.05,40.47881413,169.2150031
10964781.96,40.47173067,168.9697823
11220184.54,40.46432574,168.7192654
11481536.21,40.45658534,168.4633572
11748975.55,40.4484949,168.2019623
12022644.35,40.44003929,167.9349849
12302687.71,40.43120279,167.6623289
12589254.12,40.42196907,167.3838985
12882495.52,40.41232118,167.0995977
13182567.39,40.40224151,166.8093308
13489628.83,40.39171181,166.5130026
13803842.65,40.38071316,166.2105183
14125375.45,40.36922593,165.9017839
14454397.71,40.3572298,165.5867061
14791083.88,40.34470373,165.2651928
15135612.48,40.33162593,164.9371532
15488166.19,40.31797386,164.6024979
15848931.92,40.30372424,164.2611393
16218100.97,40.288853,163.9129916
16595869.07,40.27333528,163.5579714
16982436.52,40.25714544,163.1959975
17378008.29,40.24025704,162.8269917
17782794.1,40.22264282,162.4508785
18197008.59,40.20427471,162.067586
18620871.37,40.18512384,161.6770459
19054607.18,40.16516051,161.2791935
19498446,40.14435424,160.8739687
19952623.15,40.1226737,160.461316
20417379.45,40.10008679,160.0411847
20892961.31,40.07656063,159.6135295
21379620.9,40.05206154,159.1783109
21877616.24,40.02655511,158.7354953
22387211.39,40.00000619,158.2850557
22908676.53,39.9723789,157.8269719
23442288.15,39.94363672,157.3612308
23988329.19,39.91374245,156.8878272
24547089.16,39.8826583,156.4067637
25118864.32,39.8503459,155.9180514
25703957.83,39.81676636,155.4217103
26302679.92,39.78188034,154.9177693
26915348.04,39.74564807,154.4062671
27542287.03,39.70802943,153.8872523
28183829.31,39.66898403,153.3607836
28840315.03,39.62847125,152.8269305
29512092.27,39.58645035,152.285773
30199517.2,39.54288052,151.7374028
30902954.33,39.49772098,151.1819225
31622776.6,39.4509311,150.6194468
32359365.69,39.40247042,150.0501018
33113112.15,39.35229882,149.474026
33884415.61,39.3003766,148.8913697
34673685.05,39.24666457,148.3022957
35481338.92,39.19112418,147.7069786
36307805.48,39.1337176,147.1056055
37153522.91,39.07440788,146.4983757
38018939.63,39.01315902,145.8855002
38904514.5,38.94993612,145.267202
39810717.06,38.88470546,144.6437158
40738027.78,38.81743464,144.0152874
41686938.35,38.74809268,143.3821738
42657951.88,38.67665014,142.7446423
43651583.22,38.6030792,142.1029706
44668359.22,38.52735381,141.4574459
45708818.96,38.44944975,140.8083644
46773514.13,38.36934474,140.1560307
47863009.23,38.28701851,139.5007571
48977881.94,38.20245293,138.8428632
50118723.36,38.11563201,138.1826746
51286138.4,38.02654201,137.5205225
52480746.02,37.93517151,136.8567427
53703179.64,37.84151142,136.1916749
54954087.39,37.74555504,135.5256615
56234132.52,37.64729808,134.8590472
57543993.73,37.54673869,134.1921774
58884365.54,37.44387745,133.525398
60255958.61,37.33871737,132.8590539
61659500.19,37.23126391,132.1934883
63095734.45,37.12152491,131.529042
64565422.9,37.00951058,130.8660521
66069344.8,36.89523346,130.2048514
67608297.54,36.77870836,129.5457673
69183097.09,36.65995231,128.8891214
70794578.44,36.53898447,128.2352284
72443596.01,36.41582607,127.5843952
74131024.13,36.29050033,126.9369208
75857757.5,36.16303236,126.293095
77624711.66,36.03344905,125.6531984
79432823.47,35.90177901,125.0175012
81283051.62,35.76805242,124.3862633
83176377.11,35.63230094,123.7597336
85113803.82,35.49455762,123.1381497
87096359,35.35485673,122.5217375
89125093.81,35.21323371,121.9107109
91201083.94,35.06972502,121.3052718
93325430.08,34.92436802,120.7056099
95499258.6,34.77720089,120.1119024
97723722.1,34.62826247,119.5243142
100000000,34.47759221,118.9429975
102329299.2,34.32523,118.3680927
104712854.8,34.1712161,117.7997273
107151930.5,34.01559106,117.2380172
109647819.6,33.85839556,116.683066
112201845.4,33.69967038,116.1349656
114815362.1,33.53945629,115.5937966
117489755.5,33.37779395,115.0596281
120226443.5,33.21472385,114.5325184
123026877.1,33.05028623,114.0125149
125892541.2,32.88452101,113.4996551
128824955.2,32.71746774,112.9939661
131825673.9,32.54916552,112.4954656
134896288.3,32.37965294,112.0041622
138038426.5,32.20896808,111.5200554
141253754.5,32.0371484,111.0431362
144543977.1,31.86423074,110.5733878
147910838.8,31.69025128,110.1107855
151356124.8,31.5152455,109.6552974
154881661.9,31.33924816,109.2068844
158489319.2,31.16229326,108.7655012
162181009.7,30.98441405,108.3310963
165958690.7,30.805643,107.9036121
169824365.2,30.62601177,107.4829859
173780082.9,30.44555122,107.0691499
177827941,30.2642914,106.6620312
181970085.9,30.08226156,106.2615529
186208713.7,29.89949012,105.8676339
190546071.8,29.71600467,105.4801892
194984460,29.53183201,105.0991305
199526231.5,29.34699813,104.7243661
204173794.5,29.16152821,104.3558016
208929613.1,28.97544665,103.9933397
213796209,28.78877705,103.6368809
218776162.4,28.60154224,103.2863234
223872113.9,28.41376431,102.9415636
229086765.3,28.22546459,102.6024959
234422881.5,28.03666367,102.2690134
239883291.9,27.84738143,101.9410077
245470891.6,27.65763703,101.6183694
251188643.2,27.46744898,101.3009879
257039578.3,27.27683508,100.9887517
263026799.2,27.08581248,100.6815488
269153480.4,26.89439771,100.3792666
275422870.3,26.70260667,100.0817919
281838293.1,26.51045464,99.78901127
288403150.3,26.31795633,99.50081098
295120922.7,26.12512587,99.21707722
301995172,25.93197684,98.93769614
309029543.3,25.73852226,98.66255391
316227766,25.54477466,98.39153682
323593656.9,25.35074604,98.12453134
331131121.5,25.15644793,97.86142418
338844156.1,24.96189137,97.60210234
346736850.5,24.76708693,97.34645317
354813389.2,24.57204477,97.0943644
363078054.8,24.3767746,96.84572417
371535229.1,24.1812857,96.6004211
380189396.3,23.98558698,96.35834426
389045145,23.78968695,96.11938322
398107170.6,23.59359374,95.88342809
407380277.8,23.39731511,95.65036947
416869383.5,23.2008585,95.42009855
426579518.8,23.00423099,95.19250701
436515832.2,22.80743935,94.96748712
446683592.2,22.61049001,94.74493167
457088189.6,22.41338912,94.52473399
467735141.3,22.21614253,94.30678796
478630092.3,22.0187558,94.09098797
489778819.4,21.82123424,93.87722893
501187233.6,21.62358287,93.66540624
512861384,21.42580646,93.45541579
524807460.2,21.22790955,93.24715394
537031796.4,21.02989641,93.04051746
549540873.9,20.83177111,92.83540356
562341325.2,20.63353747,92.63170986
575439937.3,20.43519912,92.42933432
588843655.4,20.23675946,92.22817526
602559586.1,20.03822169,92.02813132
616595001.9,19.83958881,91.82910141
630957344.5,19.64086364,91.63098469
645654229,19.44204879,91.43368056
660693448,19.24314671,91.2370886
676082975.4,19.04415966,91.04110854
691830970.9,18.84508973,90.84564023
707945784.4,18.64593883,90.65058362
724435960.1,18.44670872,90.45583868
741310241.3,18.24740099,90.26130542
758577575,18.04801706,90.0668838
776247116.6,17.84855822,89.87247372
794328234.7,17.64902557,89.67797497
812830516.2,17.44942009,89.48328722
831763771.1,17.24974259,89.28830991
851138038.2,17.04999373,89.0929423
870963590,16.85017403,88.89708334
891250938.1,16.65028386,88.70063171
912010839.4,16.45032344,88.50348571
933254300.8,16.25029286,88.30554326
954992586,16.05019204,88.10670184
977237221,15.85002077,87.90685845
1000000000,15.64977869,87.70590957
1023292992,15.44946529,87.50375112
1047128548,15.24907992,87.3002784
1071519305,15.04862177,87.09538605
1096478196,14.84808988,86.88896804
1122018454,14.64748314,86.68091758
1148153621,14.44680029,86.47112708
1174897555,14.24603991,86.25948816
1202264435,14.04520042,86.04589152
1230268771,13.84428005,85.83022698
1258925412,13.64327691,85.61238337
1288249552,13.44218891,85.39224854
1318256739,13.24101378,85.16970926
1348962883,13.0397491,84.94465123
1380384265,12.83839222,84.71695899
1412537545,12.63694035,84.48651592
1445439771,12.43539047,84.25320417
1479108388,12.23373938,84.0169046
1513561248,12.03198367,83.7774968
1548816619,11.8301197,83.53485899
1584893192,11.62814364,83.28886798
1621810097,11.4260514,83.03939919
1659586907,11.22383868,82.78632652
1698243652,11.02150093,82.52952241
1737800829,10.81903335,82.26885772
1778279410,10.61643087,82.00420172
1819700859,10.41368816,81.73542209
1862087137,10.21079961,81.46238483
1905460718,10.00775931,81.18495426
1949844600,9.804561074,80.90299299
1995262315,9.601198377,80.61636188
2041737945,9.397664385,80.32491999
2089296131,9.193951928,80.02852461
2137962090,8.990053485,79.72703119
2187761624,8.785961178,79.42029333
2238721139,8.58166675,79.10816277
2290867653,8.37716156,78.79048937
2344228815,8.17243656,78.46712108
2398832919,7.967482286,78.13790397
2454708916,7.762288839,77.80268217
2511886432,7.556845871,77.46129793
2570395783,7.351142565,77.11359154
2630267992,7.145167621,76.75940142
2691534804,6.938909239,76.39856408
2754228703,6.732355095,76.03091414
2818382931,6.52549233,75.65628436
2884031503,6.318307525,75.27450567
2951209227,6.110786682,74.88540717
3019951720,5.902915209,74.48881621
3090295433,5.694677892,74.0845584
3162277660,5.486058879,73.67245768
3235936569,5.277041655,73.25233636
3311311215,5.067609024,72.82401522
3388441561,4.857743086,72.38731353
3467368505,4.647425212,71.94204918
3548133892,4.436636022,71.48803875
3630780548,4.225355367,71.02509763
3715352291,4.013562299,70.55304008
3801893963,3.801235054,70.07167942
3890451450,3.588351024,69.5808281
3981071706,3.374886739,69.0802979
4073802778,3.160817842,68.56990001
4168693835,2.946119064,68.04944529
4265795188,2.730764208,67.51874436
4365158322,2.514726122,66.97760784
4466835922,2.297976682,66.42584655
4570881896,2.080486768,65.86327171
4677351413,1.86222625,65.28969517
4786300923,1.643163964,64.7049297
4897788194,1.423267698,64.10878917
5011872336,1.202504177,63.50108888
5128613840,0.980839048,62.88164586
5248074602,0.758236866,62.25027909
5370317964,0.534661084,61.60680991
5495408739,0.310074047,60.95106226
5623413252,0.084436982,60.2828631
5754399373,-0.142290003,59.60204271
5888436554,-0.370147921,58.90843507
6025595861,-0.599178907,58.20187825
6165950019,-0.829426208,57.48221477
6309573445,-1.060934178,56.74929203
6456542290,-1.293748267,56.0029627
6606934480,-1.527915003,55.24308513
6760829754,-1.763481974,54.46952378
6918309709,-2.000497808,53.68214964
7079457844,-2.239012136,52.88084065
7244359601,-2.479075572,52.06548216
7413102413,-2.720739665,51.23596731
7585775750,-2.964056867,50.39219748
7762471166,-3.209080479,49.53408272
7943282347,-3.455864607,48.66154213
8128305162,-3.704464098,47.77450429
8317637711,-3.95493449,46.87290761
8511380382,-4.207331935,45.95670076
8709635900,-4.461713136,45.02584295
8912509381,-4.718135271,44.08030431
9120108394,-4.976655909,43.12006618
9332543008,-5.237332934,42.1451214
9549925860,-5.500224449,41.15547452
9772372210,-5.765388688,40.15114209
10000000000,-6.032883923,39.13215276
10232929923,-6.302768363,38.09854747
10471285481,-6.575100054,37.05037956
10715193052,-6.849936775,35.98771481
10964781961,-7.127335937,34.91063148
11220184543,-7.407354475,33.81922028
11481536215,-7.690048742,32.71358429
11748975549,-7.975474401,31.59383888
12022644346,-8.263686326,30.46011153
12302687708,-8.55473849,29.31254161
12589254118,-8.848683868,28.15128018
12882495517,-9.145574334,26.97648966
13182567386,-9.445460566,25.78834353
13489628826,-9.748391951,24.58702593
13803842646,-10.0544165,23.37273128
14125375446,-10.36358074,22.14566382
14454397707,-10.67592968,20.90603715
14791083882,-10.9915067,19.65407374
15135612484,-11.31035347,18.39000441
15488166189,-11.63250993,17.11406777
15848931925,-11.95801419,15.82650969
16218100974,-12.28690251,14.52758271
16595869074,-12.61920923,13.2175455
16982436525,-12.95496673,11.89666225
17378008287,-13.29420542,10.56520215
17782794100,-13.63695367,9.223438745
18197008586,-13.98323781,7.871649452
18620871367,-14.33308214,6.510114958
19054607180,-14.68650882,5.139118713
19498445998,-15.04353796,3.758946399
19952623150,-15.40418755,2.369885435
20417379447,-15.76847346,0.972224495
20892961309,-16.13640946,-0.433746956
21379620895,-16.50800719,-1.847739102
21877616239,-16.88327615,-3.269462199
22387211386,-17.26222373,-4.698626979
22908676528,-17.64485518,-6.134945039
23442288153,-18.03117362,-7.578129209
23988329190,-18.42118002,-9.027893911
24547089157,-18.81487321,-10.48395551
25118864315,-19.21224987,-11.94603265
25703957828,-19.61330452,-13.4138466
26302679919,-20.01802948,-14.88712156
26915348039,-20.42641491,-16.36558504
27542287033,-20.83844877,-17.84896815
28183829313,-21.25411678,-19.337006
28840315031,-21.67340245,-20.82943802
29512092267,-22.09628702,-22.32600833
30199517204,-22.52274945,-23.82646615
30902954325,-22.95276643,-25.3305662
31622776602,-23.38631232,-26.83806909
32359365693,-23.82335914,-28.34874179
33113112148,-24.26387659,-29.86235809
33884415614,-24.70783196,-31.37869905
34673685045,-25.15519019,-32.89755352
35481338923,-25.60591382,-34.41871865
36307805477,-26.05996298,-35.94200041
37153522910,-26.51729538,-37.46721413
38018939632,-26.97786636,-38.99418504
38904514499,-27.4416288,-40.52274885
39810717055,-27.90853323,-42.0527523
40738027780,-28.37852776,-43.5840537
41686938347,-28.85155814,-45.1165235
42657951880,-29.32756778,-46.65004482
43651583224,-29.80649777,-48.18451397
44668359215,-30.2882869,-49.719841
45708818961,-30.77287172,-51.25595013
46773514129,-31.26018657,-52.79278023
47863009232,-31.75016362,-54.33028527
48977881937,-32.24273295,-55.86843466
50118723363,-32.73782257,-57.40721363
51286138399,-33.23535846,-58.94662355
52480746025,-33.73526472,-60.48668215
53703179637,-34.2374635,-62.02742376
54954087386,-34.74187519,-63.56889946
56234132519,-35.24841838,-65.11117718
57543993734,-35.75701001,-66.65434178
58884365536,-36.26756535,-68.19849502
60255958607,-36.77999813,-69.74375548
61659500186,-37.29422058,-71.29025851
63095734448,-37.81014346,-72.83815599
64565422903,-38.32767616,-74.38761613
66069344801,-38.84672674,-75.93882319
67608297539,-39.36720194,-77.49197712
69183097092,-39.88900729,-79.04729318
70794578438,-40.41204712,-80.60500148
72443596007,-40.93622458,-82.16534652
74131024130,-41.4614417,-83.72858657
75857757503,-41.98759942,-85.29499316
77624711663,-42.5145976,-86.86485037
79432823472,-43.04233503,-88.43845421
81283051616,-43.57070946,-90.01611183
83176377110,-44.09961762,-91.59814078
85113803820,-44.62895517,-93.18486821
87096358996,-45.15861679,-94.77663002
89125093813,-45.68849608,-96.37376997
91201083936,-46.21848561,-97.97663877
93325430080,-46.7484769,-99.58559311
95499258602,-47.27836039,-101.2009947
97723722096,-47.80802543,-102.8232094
1E+11,-48.33736028,-104.4526057
1.02329E+11,-48.86625203,-106.0895542
1.04713E+11,-49.39458664,-107.7344263
1.07152E+11,-49.9222489,-109.387593
1.09648E+11,-50.44912239,-111.0494239
1.12202E+11,-50.97508945,-112.7202855
1.14815E+11,-51.5000312,-114.400541
1.1749E+11,-52.02382747,-116.0905481
1.20226E+11,-52.54635684,-117.7906583
1.23027E+11,-53.06749658,-119.5012151
1.25893E+11,-53.58712263,-121.2225536
1.28825E+11,-54.10510967,-122.9549982
1.31826E+11,-54.62133105,-124.6988619
1.34896E+11,-55.13565882,-126.4544447
1.38038E+11,-55.64796376,-128.2220323
1.41254E+11,-56.1581154,-130.0018948
1.44544E+11,-56.66598203,-131.794285
1.47911E+11,-57.17143076,-133.5994377
1.51356E+11,-57.6743276,-135.4175675
1.54882E+11,-58.17453748,-137.248868
1.58489E+11,-58.67192433,-139.0935101
1.62181E+11,-59.1663512,-140.9516411
1.65959E+11,-59.65768034,-142.8233828
1.69824E+11,-60.14577332,-144.7088303
1.7378E+11,-60.63049115,-146.6080513
1.77828E+11,-61.11169443,-148.521084
1.8197E+11,-61.58924351,-150.4479366
1.86209E+11,-62.06299864,-152.3885858
1.90546E+11,-62.5328202,-154.3429759
1.94984E+11,-62.99856885,-156.3110174
1.99526E+11,-63.46010578,-158.2925868
2.04174E+11,-63.91729292,-160.2875249
2.0893E+11,-64.3699932,-162.2956368
2.13796E+11,-64.81807078,-164.3166907
2.18776E+11,-65.26139133,-166.3504178
2.23872E+11,-65.69982234,-168.3965114
2.29087E+11,-66.13323333,-170.454627
2.34423E+11,-66.56149624,-172.5243823
2.39883E+11,-66.98448567,-174.6053565
2.45471E+11,-67.40207922,-176.6970913
2.51189E+11,-67.81415778,-178.7990904
2.5704E+11,-68.22060587,-180.9108207
2.63027E+11,-68.62131198,-183.0317123
2.69153E+11,-69.01616882,-185.1611599
2.75423E+11,-69.4050737,-187.2985232
2.81838E+11,-69.78792879,-189.4431283
2.88403E+11,-70.16464145,-191.5942692
2.95121E+11,-70.53512451,-193.7512087
3.01995E+11,-70.89929653,-195.9131807
3.0903E+11,-71.2570821,-198.0793915
3.16228E+11,-71.60841205,-200.2490219
3.23594E+11,-71.95322368,-202.4212293
3.31131E+11,-72.29146099,-204.5951499
3.38844E+11,-72.62307485,-206.7699008
3.46737E+11,-72.94802315,-208.9445828
3.54813E+11,-73.26627094,-211.1182825
3.63078E+11,-73.57779055,-213.2900753
3.71535E+11,-73.88256166,-215.4590275
3.80189E+11,-74.18057133,-217.6241997
3.89045E+11,-74.47181406,-219.7846489
3.98107E+11,-74.75629175,-221.9394314
4.0738E+11,-75.03401368,-224.0876058
4.16869E+11,-75.30499644,-226.2282354
4.2658E+11,-75.56926382,-228.3603909
4.36516E+11,-75.8268467,-230.4831529
4.46684E+11,-76.07778292,-232.5956148
4.57088E+11,-76.32211704,-234.6968848
4.67735E+11,-76.55990022,-236.7860885
4.7863E+11,-76.79118994,-238.8623711
4.89779E+11,-77.01604976,-240.9248994
5.01187E+11,-77.23454909,-242.9728637
5.12861E+11,-77.44676286,-245.0054799
5.24807E+11,-77.65277129,-247.0219909
5.37032E+11,-77.8526595,-249.0216683
5.49541E+11,-78.04651727,-251.0038134
5.62341E+11,-78.23443864,-252.9677588
5.7544E+11,-78.41652166,-254.9128693
5.88844E+11,-78.59286795,-256.8385427
6.0256E+11,-78.76358246,-258.7442104
6.16595E+11,-78.92877305,-260.6293381
6.30957E+11,-79.08855022,-262.4934261
6.45654E+11,-79.24302672,-264.3360094
6.60693E+11,-79.39231724,-266.1566582
6.76083E+11,-79.53653812,-267.9549774
6.91831E+11,-79.67580699,-269.7306064
7.07946E+11,-79.81024248,-271.4832191
7.24436E+11,-79.93996395,-273.2125235
7.4131E+11,-80.06509119,-274.9182606
7.58578E+11,-80.18574414,-276.6002044
7.76247E+11,-80.30204266,-278.2581609
7.94328E+11,-80.41410628,-279.8919672
8.12831E+11,-80.52205396,-281.5014909
8.31764E+11,-80.62600389,-283.086629
8.51138E+11,-80.72607329,-284.6473068
8.70964E+11,-80.82237823,-286.1834772
8.91251E+11,-80.91503343,-287.6951192
9.12011E+11,-81.00415216,-289.1822374
9.33254E+11,-81.08984604,-290.6448602
9.54993E+11,-81.17222496,-292.0830391
9.77237E+11,-81.25139693,-293.4968477
1E+12,-81.32746801,-294.88638
1.02329E+12,-81.4005422,-296.2517497
1.04713E+12,-81.47072135,-297.5930891
1.07152E+12,-81.53810515,-298.9105478
1.09648E+12,-81.60279101,-300.2042915
1.12202E+12,-81.66487405,-301.4745013
1.14815E+12,-81.72444706,-302.7213723
1.1749E+12,-81.78160047,-303.9451128
1.20226E+12,-81.83642235,-305.145943
1.23027E+12,-81.88899837,-306.3240945
1.25893E+12,-81.93941181,-307.479809
1.28825E+12,-81.98774357,-308.6133373
1.31826E+12,-82.03407219,-309.7249388
1.34896E+12,-82.07847384,-310.8148806
1.38038E+12,-82.12102235,-311.8834364
1.41254E+12,-82.16178925,-312.930886
1.44544E+12,-82.20084378,-313.9575145
1.47911E+12,-82.23825293,-314.9636116
1.51356E+12,-82.27408149,-315.949471
1.54882E+12,-82.30839206,-316.9153895
1.58489E+12,-82.34124511,-317.861667
1.62181E+12,-82.37269903,-318.7886054
1.65959E+12,-82.40281015,-319.6965081
1.69824E+12,-82.43163283,-320.58568
1.7378E+12,-82.45921946,-321.4564264
1.77828E+12,-82.48562054,-322.309053
1.8197E+12,-82.51088469,-323.1438655
1.86209E+12,-82.53505878,-323.9611689
1.90546E+12,-82.55818789,-324.7612673
1.94984E+12,-82.5803154,-325.5444639
1.99526E+12,-82.60148307,-326.3110601
2.04174E+12,-82.62173103,-327.0613558
2.0893E+12,-82.64109786,-327.7956488
2.13796E+12,-82.65962066,-328.5142344
2.18776E+12,-82.67733506,-329.2174059
2.23872E+12,-82.69427528,-329.9054537
2.29087E+12,-82.7104742,-330.5786652
2.34423E+12,-82.72596336,-331.2373252
2.39883E+12,-82.74077305,-331.881715
2.45471E+12,-82.75493235,-332.5121127
2.51189E+12,-82.76846913,-333.1287933
2.5704E+12,-82.78141015,-333.7320279
2.63027E+12,-82.79378105,-334.3220844
2.69153E+12,-82.80560643,-334.8992267
2.75423E+12,-82.81690988,-335.4637153
2.81838E+12,-82.827714,-336.0158066
2.88403E+12,-82.83804044,-336.5557535
2.95121E+12,-82.84790997,-337.0838048
3.01995E+12,-82.85734246,-337.6002054
3.0903E+12,-82.86635697,-338.1051965
3.16228E+12,-82.87497175,-338.5990152
3.23594E+12,-82.88320425,-339.0818947
3.31131E+12,-82.89107122,-339.5540642
3.38844E+12,-82.89858868,-340.0157491
3.46737E+12,-82.90577195,-340.4671707
3.54813E+12,-82.91263572,-340.9085465
3.63078E+12,-82.91919404,-341.3400901
3.71535E+12,-82.92546035,-341.7620111
3.80189E+12,-82.93144752,-342.1745154
3.89045E+12,-82.93716786,-342.5778049
3.98107E+12,-82.94263315,-342.972078
4.0738E+12,-82.94785466,-343.3575291
4.16869E+12,-82.95284317,-343.7343489
4.2658E+12,-82.95760899,-344.1027244
4.36516E+12,-82.96216199,-344.4628391
4.46684E+12,-82.96651159,-344.8148728
4.57088E+12,-82.97066683,-345.1590018
4.67735E+12,-82.97463631,-345.4953988
4.7863E+12,-82.9784283,-345.8242331
4.89779E+12,-82.98205068,-346.1456706
5.01187E+12,-82.985511,-346.4598739
5.12861E+12,-82.98881645,-346.767002
5.24807E+12,-82.99197394,-347.0672111
5.37032E+12,-82.99499005,-347.3606537
5.49541E+12,-82.99787108,-347.6474795
5.62341E+12,-83.00062306,-347.9278349
5.7544E+12,-83.00325173,-348.2018633
5.88844E+12,-83.00576261,-348.4697051
6.0256E+12,-83.00816093,-348.7314978
6.16595E+12,-83.01045174,-348.9873759
6.30957E+12,-83.01263984,-349.237471
6.45654E+12,-83.0147298,-349.481912
6.60693E+12,-83.01672602,-349.7208251
6.76083E+12,-83.01863269,-349.9543337
6.91831E+12,-83.02045382,-350.1825585
7.07946E+12,-83.02219322,-350.4056178
7.24436E+12,-83.02385456,-350.6236271
7.4131E+12,-83.02544133,-350.8366996
7.58578E+12,-83.02695687,-351.0449459
7.76247E+12,-83.02840437,-351.2484744
7.94328E+12,-83.02978687,-351.4473908
8.12831E+12,-83.0311073,-351.6417989
8.31764E+12,-83.03236842,-351.8317999
8.51138E+12,-83.0335729,-352.0174929
8.70964E+12,-83.03472327,-352.1989749
8.91251E+12,-83.03582197,-352.3763407
9.12011E+12,-83.03687131,-352.5496829
9.33254E+12,-83.0378735,-352.7190923
9.54993E+12,-83.03883065,-352.8846574
9.77237E+12,-83.0397448,-353.0464651
1E+13,-83.04061786,-353.2046001
1.02329E+13,-83.04145169,-353.3591453
1.04713E+13,-83.04224804,-353.5101817
1.07152E+13,-83.04300859,-353.6577887
1.09648E+13,-83.04373495,-353.8020436
1.12202E+13,-83.04442867,-353.9430224
1.14815E+13,-83.04509119,-354.080799
1.1749E+13,-83.04572393,-354.2154459
1.20226E+13,-83.04632822,-354.3470339
1.23027E+13,-83.04690534,-354.4756322
1.25893E+13,-83.04745651,-354.6013086
1.28825E+13,-83.0479829,-354.7241291
1.31826E+13,-83.04848561,-354.8441585
1.34896E+13,-83.04896572,-354.9614599
1.38038E+13,-83.04942424,-355.0760952
1.41254E+13,-83.04986213,-355.1881248
1.44544E+13,-83.05028033,-355.2976078
1.47911E+13,-83.05067972,-355.4046019
1.51356E+13,-83.05106115,-355.5091636
1.54882E+13,-83.05142542,-355.6113479
1.58489E+13,-83.05177331,-355.7112089
1.62181E+13,-83.05210555,-355.8087993
1.65959E+13,-83.05242284,-355.9041705
1.69824E+13,-83.05272586,-355.997373
1.7378E+13,-83.05301525,-356.0884559
1.77828E+13,-83.05329162,-356.1774674
1.8197E+13,-83.05355555,-356.2644544
1.86209E+13,-83.05380761,-356.3494631
1.90546E+13,-83.05404834,-356.4325382
1.94984E+13,-83.05427823,-356.5137237
1.99526E+13,-83.05449778,-356.5930625
2.04174E+13,-83.05470745,-356.6705966
2.0893E+13,-83.05490769,-356.746367
2.13796E+13,-83.05509892,-356.8204137
2.18776E+13,-83.05528154,-356.8927759
2.23872E+13,-83.05545595,-356.9634918
2.29087E+13,-83.05562251,-357.0325989
2.34423E+13,-83.05578158,-357.1001338
2.39883E+13,-83.05593349,-357.1661322
2.45471E+13,-83.05607856,-357.230629
2.51189E+13,-83.0562171,-357.2936583
2.5704E+13,-83.05634942,-357.3552535
2.63027E+13,-83.05647577,-357.4154472
2.69153E+13,-83.05659645,-357.4742712
2.75423E+13,-83.05671169,-357.5317568
2.81838E+13,-83.05682174,-357.5879343
2.88403E+13,-83.05692685,-357.6428335
2.95121E+13,-83.05702722,-357.6964834
3.01995E+13,-83.05712308,-357.7489125
3.0903E+13,-83.05721462,-357.8001486
3.16228E+13,-83.05730205,-357.8502186
3.23594E+13,-83.05738553,-357.8991493
3.31131E+13,-83.05746527,-357.9469665
3.38844E+13,-83.05754141,-357.9936954
3.46737E+13,-83.05761413,-358.039361
3.54813E+13,-83.05768358,-358.0839873
3.63078E+13,-83.0577499,-358.127598
3.71535E+13,-83.05781323,-358.1702162
3.80189E+13,-83.05787372,-358.2118645
3.89045E+13,-83.05793148,-358.2525649
3.98107E+13,-83.05798664,-358.292339
4.0738E+13,-83.05803933,-358.331208
4.16869E+13,-83.05808964,-358.3691923
4.2658E+13,-83.05813768,-358.4063121
4.36516E+13,-83.05818357,-358.4425871
4.46684E+13,-83.05822739,-358.4780365
4.57088E+13,-83.05826923,-358.5126791
4.67735E+13,-83.0583092,-358.5465332
4.7863E+13,-83.05834736,-358.5796168
4.89779E+13,-83.05838381,-358.6119474
5.01187E+13,-83.05841862,-358.6435422
5.12861E+13,-83.05845186,-358.6744179
5.24807E+13,-83.0584836,-358.7045908
5.37032E+13,-83.05851392,-358.7340769
5.49541E+13,-83.05854287,-358.762892
5.62341E+13,-83.05857052,-358.7910512
5.7544E+13,-83.05859692,-358.8185694
5.88844E+13,-83.05862214,-358.8454614
6.0256E+13,-83.05864622,-358.8717412
6.16595E+13,-83.05866922,-358.8974229
6.30957E+13,-83.05869118,-358.92252
6.45654E+13,-83.05871215,-358.9470459
6.60693E+13,-83.05873218,-358.9710135
6.76083E+13,-83.05875131,-358.9944357
6.91831E+13,-83.05876958,-359.0173247
7.07946E+13,-83.05878702,-359.0396927
7.24436E+13,-83.05880369,-359.0615515
7.4131E+13,-83.0588196,-359.0829129
7.58578E+13,-83.05883479,-359.103788
7.76247E+13,-83.0588493,-359.1241879
7.94328E+13,-83.05886316,-359.1441236
8.12831E+13,-83.05887639,-359.1636054
8.31764E+13,-83.05888903,-359.1826438
8.51138E+13,-83.0589011,-359.2012489
8.70964E+13,-83.05891263,-359.2194305
8.91251E+13,-83.05892363,-359.2371982
9.12011E+13,-83.05893415,-359.2545615
9.33254E+13,-83.05894418,-359.2715296
9.54993E+13,-83.05895377,-359.2881114
9.77237E+13,-83.05896293,-359.3043158
1E+14,-83.05897167,-359.3201514
1.02329E+14,-83.05898002,-359.3356265
1.04713E+14,-83.058988,-359.3507493
1.07152E+14,-83.05899561,-359.365528
1.09648E+14,-83.05900288,-359.3799702
1.12202E+14,-83.05900983,-359.3940837
1.14815E+14,-83.05901646,-359.4078759
1.1749E+14,-83.0590228,-359.4213542
1.20226E+14,-83.05902884,-359.4345257
1.23027E+14,-83.05903462,-359.4473974
1.25893E+14,-83.05904014,-359.4599761
1.28825E+14,-83.05904541,-359.4722685
1.31826E+14,-83.05905044,-359.4842811
1.34896E+14,-83.05905524,-359.4960202
1.38038E+14,-83.05905983,-359.5074921
1.41254E+14,-83.05906421,-359.5187029
1.44544E+14,-83.0590684,-359.5296585
1.47911E+14,-83.0590724,-359.5403648
1.51356E+14,-83.05907621,-359.5508273
1.54882E+14,-83.05907986,-359.5610517
1.58489E+14,-83.05908334,-359.5710433
1.62181E+14,-83.05908666,-359.5808075
1.65959E+14,-83.05908984,-359.5903495
1.69824E+14,-83.05909287,-359.5996742
1.7378E+14,-83.05909576,-359.6087867
1.77828E+14,-83.05909853,-359.6176918
1.8197E+14,-83.05910117,-359.6263942
1.86209E+14,-83.05910369,-359.6348985
1.90546E+14,-83.0591061,-359.6432092
1.94984E+14,-83.0591084,-359.6513307
1.99526E+14,-83.0591106,-359.6592674
2.04174E+14,-83.05911269,-359.6670234
2.0893E+14,-83.0591147,-359.6746028
2.13796E+14,-83.05911661,-359.6820098
2.18776E+14,-83.05911844,-359.6892481
2.23872E+14,-83.05912018,-359.6963217
2.29087E+14,-83.05912185,-359.7032342
2.34423E+14,-83.05912344,-359.7099894
2.39883E+14,-83.05912496,-359.7165908
2.45471E+14,-83.05912641,-359.723042
2.51189E+14,-83.05912779,-359.7293463
2.5704E+14,-83.05912912,-359.7355072
2.63027E+14,-83.05913038,-359.7415277
2.69153E+14,-83.05913159,-359.7474113
2.75423E+14,-83.05913274,-359.7531609
2.81838E+14,-83.05913384,-359.7587796
2.88403E+14,-83.05913489,-359.7642705
2.95121E+14,-83.0591359,-359.7696363
3.01995E+14,-83.05913686,-359.77488
3.0903E+14,-83.05913777,-359.7800044
3.16228E+14,-83.05913865,-359.7850121
3.23594E+14,-83.05913948,-359.7899058
3.31131E+14,-83.05914028,-359.7946881
3.38844E+14,-83.05914104,-359.7993616
3.46737E+14,-83.05914177,-359.8039287
3.54813E+14,-83.05914246,-359.8083918
3.63078E+14,-83.05914312,-359.8127533
3.71535E+14,-83.05914376,-359.8170156
3.80189E+14,-83.05914436,-359.8211808
3.89045E+14,-83.05914494,-359.8252512
3.98107E+14,-83.05914549,-359.829229
4.0738E+14,-83.05914602,-359.8331162
4.16869E+14,-83.05914652,-359.836915
4.2658E+14,-83.059147,-359.8406272
4.36516E+14,-83.05914746,-359.844255
4.46684E+14,-83.0591479,-359.8478002
4.57088E+14,-83.05914832,-359.8512647
4.67735E+14,-83.05914872,-359.8546503
4.7863E+14,-83.0591491,-359.8579589
4.89779E+14,-83.05914946,-359.8611921
5.01187E+14,-83.05914981,-359.8643518
5.12861E+14,-83.05915014,-359.8674395
5.24807E+14,-83.05915046,-359.8704569
5.37032E+14,-83.05915077,-359.8734057
5.49541E+14,-83.05915105,-359.8762873
5.62341E+14,-83.05915133,-359.8791034
5.7544E+14,-83.0591516,-359.8818553
5.88844E+14,-83.05915185,-359.8845446
6.0256E+14,-83.05915209,-359.8871727
6.16595E+14,-83.05915232,-359.889741
6.30957E+14,-83.05915254,-359.8922508
6.45654E+14,-83.05915275,-359.8947034
6.60693E+14,-83.05915295,-359.8971003
6.76083E+14,-83.05915314,-359.8994426
6.91831E+14,-83.05915332,-359.9017315
7.07946E+14,-83.0591535,-359.9039684
7.24436E+14,-83.05915366,-359.9061543
7.4131E+14,-83.05915382,-359.9082905
7.58578E+14,-83.05915397,-359.9103781
7.76247E+14,-83.05915412,-359.9124181
7.94328E+14,-83.05915426,-359.9144117
8.12831E+14,-83.05915439,-359.91636
8.31764E+14,-83.05915452,-359.9182638
8.51138E+14,-83.05915464,-359.9201244
8.70964E+14,-83.05915475,-359.9219426
8.91251E+14,-83.05915486,-359.9237194
9.12011E+14,-83.05915497,-359.9254557
9.33254E+14,-83.05915507,-359.9271526
9.54993E+14,-83.05915516,-359.9288108
9.77237E+14,-83.05915526,-359.9304312
1E+15,-83.05915534,-359.9320148
